eBird.English.Name,eBird.Scientific.Name,Resident,Strictly.Altitudinal.Migrant,Summer.Visitor,Winter.Visitor,Strictly.Passage,Uncertain.Vagrant,Breeding.Range.Mostly.Outside
Abbott's Babbler,Turdinus abbotti,1,NA,NA,NA,NA,NA,NA
Aberrant Bush Warbler,Horornis flavolivaceus,1,1,NA,NA,NA,NA,NA
Alexandrine Parakeet,Psittacula eupatria,1,NA,NA,NA,NA,NA,NA
Alpine Accentor,Prunella collaris,1,1,NA,NA,NA,NA,NA
Alpine Swift,Apus melba,1,NA,1,1,NA,NA,NA
Alpine Thrush,Zoothera mollissima,1,1,NA,NA,NA,NA,NA
Altai Accentor,Prunella himalayana,NA,NA,NA,1,NA,NA,NA
American Golden-Plover,Pluvialis dominica,NA,NA,NA,1,NA,1,NA
American Pipit,Anthus rubescens,NA,NA,NA,1,NA,NA,NA
Amur Falcon,Falco amurensis,NA,NA,NA,NA,1,NA,NA
Amur Paradise-Flycatcher,Terpsiphone incei,NA,NA,NA,1,NA,1,NA
Andaman Boobook,Ninox affinis,1,NA,NA,NA,NA,NA,NA
Andaman Bulbul,Brachypodius fuscoflavescens,1,NA,NA,NA,NA,NA,NA
Andaman Coucal,Centropus andamanensis,1,NA,NA,NA,NA,NA,NA
Andaman Crake,Rallina canningi,1,NA,NA,NA,NA,NA,NA
Andaman Cuckoo-Dove,Macropygia rufipennis,1,NA,NA,NA,NA,NA,NA
Andaman Cuckooshrike,Coracina dobsoni,1,NA,NA,NA,NA,NA,NA
Andaman Drongo,Dicrurus andamanensis,1,NA,NA,NA,NA,NA,NA
Andaman Flowerpecker,Dicaeum virescens,1,NA,NA,NA,NA,NA,NA
Andaman Green-Pigeon,Treron chloropterus,1,NA,NA,NA,NA,NA,NA
Andaman Masked-Owl,Tyto deroepstorffi,1,NA,NA,NA,NA,NA,NA
Andaman Nightjar,Caprimulgus andamanicus,1,NA,NA,NA,NA,NA,NA
Andaman Scops-Owl,Otus balli,1,NA,NA,NA,NA,NA,NA
Andaman Serpent-Eagle,Spilornis elgini,1,NA,NA,NA,NA,NA,NA
Andaman Shama,Copsychus albiventris,1,NA,NA,NA,NA,NA,NA
Andaman Teal,Anas albogularis,1,NA,NA,NA,NA,NA,NA
Andaman Treepie,Dendrocitta bayleii,1,NA,NA,NA,NA,NA,NA
Andaman Wood-Pigeon,Columba palumboides,1,NA,NA,NA,NA,NA,NA
Andaman Woodpecker,Dryocopus hodgei,1,NA,NA,NA,NA,NA,NA
Arctic Loon,Gavia arctica,NA,NA,NA,NA,NA,1,NA
Arctic Tern,Sterna paradisaea,NA,NA,NA,NA,NA,1,NA
Arctic Warbler,Phylloscopus borealis,NA,NA,NA,1,NA,NA,NA
Ashambu Laughingthrush,Montecincla meridionalis,1,NA,NA,NA,NA,NA,NA
Ashy-crowned Sparrow-Lark,Eremopterix griseus,1,NA,NA,NA,NA,NA,NA
Ashy-headed Green-Pigeon,Treron phayrei,1,NA,NA,NA,NA,NA,NA
Ashy-throated Warbler,Phylloscopus maculipennis,1,1,NA,NA,NA,NA,NA
Ashy Bulbul,Hemixos flavala,1,NA,NA,NA,NA,NA,NA
Ashy Drongo,Dicrurus leucophaeus,NA,NA,1,1,NA,NA,NA
Ashy Minivet,Pericrocotus divaricatus,NA,NA,NA,NA,NA,1,NA
Ashy Prinia,Prinia socialis,1,NA,NA,NA,NA,NA,NA
Ashy Wood-Pigeon,Columba pulchricollis,1,NA,NA,NA,NA,NA,NA
Ashy Woodswallow,Artamus fuscus,1,NA,NA,NA,NA,NA,NA
Asian Barred Owlet,Glaucidium cuculoides,1,NA,NA,NA,NA,NA,NA
Asian Brown Flycatcher,Muscicapa dauurica,1,NA,1,1,NA,NA,NA
Asian Desert Warbler,Sylvia nana,NA,NA,NA,1,NA,NA,NA
Asian Dowitcher,Limnodromus semipalmatus,NA,NA,NA,1,NA,NA,NA
Asian Emerald Cuckoo,Chrysococcyx maculatus,1,NA,1,NA,NA,NA,NA
Asian Emerald Dove,Chalcophaps indica,1,NA,NA,NA,NA,NA,NA
Asian Fairy-bluebird,Irena puella,1,NA,NA,NA,NA,NA,NA
Asian Glossy Starling,Aplonis panayensis,NA,NA,NA,1,NA,NA,NA
Asian House-Martin,Delichon dasypus,1,NA,1,NA,NA,NA,NA
Asian Koel,Eudynamys scolopaceus,1,NA,NA,NA,NA,NA,NA
Asian Openbill,Anastomus oscitans,1,NA,NA,NA,NA,NA,NA
Asian Palm-Swift,Cypsiurus balasiensis,1,NA,NA,NA,NA,NA,NA
Asian Pied Starling,Gracupica contra,1,NA,NA,NA,NA,NA,NA
Asian Stubtail,Urosphena squameiceps,NA,NA,NA,NA,NA,1,NA
Assam Laughingthrush,Trochalopteron chrysopterum,1,NA,NA,NA,NA,NA,NA
Australasian Grass-Owl,Tyto longimembris,1,NA,NA,NA,NA,NA,NA
Azure Tit,Cyanistes cyanus,NA,NA,NA,NA,NA,1,NA
Baer's Pochard,Aythya baeri,NA,NA,NA,1,NA,NA,NA
Baikal Bush Warbler,Locustella davidi,NA,NA,NA,1,NA,NA,NA
Baikal Teal,Sibirionetta formosa,NA,NA,NA,1,NA,NA,NA
Baillon's Crake,Zapornia pusilla,NA,NA,NA,1,NA,NA,NA
Banasura Laughingthrush,Montecincla jerdoni,1,NA,NA,NA,NA,NA,NA
Banded Bay Cuckoo,Cacomantis sonneratii,1,NA,NA,NA,NA,NA,NA
Bank Myna,Acridotheres ginginianus,1,NA,NA,NA,NA,NA,NA
Bank Swallow,Riparia riparia,NA,NA,NA,1,NA,NA,NA
Bar-headed Goose,Anser indicus,NA,NA,1,1,NA,NA,1
Bar-tailed Godwit,Limosa lapponica,NA,NA,NA,1,NA,NA,NA
Bar-tailed Treecreeper,Certhia himalayana,1,1,NA,NA,NA,NA,NA
Bar-winged Flycatcher-shrike,Hemipus picatus,1,NA,NA,NA,NA,NA,NA
Bar-winged Wren-Babbler,Spelaeornis troglodytoides,1,NA,NA,NA,NA,NA,NA
Barau's Petrel,Pterodroma baraui,NA,NA,NA,NA,NA,1,NA
Barn Owl,Tyto alba,1,NA,NA,NA,NA,NA,NA
Barn Swallow,Hirundo rustica,NA,NA,1,1,NA,NA,1
Barred Buttonquail,Turnix suscitator,1,NA,NA,NA,NA,NA,NA
Barred Cuckoo-Dove,Macropygia unchall,1,NA,NA,NA,NA,NA,NA
Barred Warbler,Sylvia nisoria,NA,NA,NA,NA,NA,1,NA
Bay-backed Shrike,Lanius vittatus,1,NA,NA,NA,NA,NA,NA
Bay Woodpecker,Blythipicus pyrrhotis,1,1,NA,NA,NA,NA,NA
Baya Weaver,Ploceus philippinus,1,NA,NA,NA,NA,NA,NA
Beach Thick-knee,Esacus magnirostris,1,NA,NA,NA,NA,NA,NA
Bearded Vulture,Gypaetus barbatus,1,1,NA,NA,NA,NA,NA
Beautiful Nuthatch,Sitta formosa,1,NA,NA,NA,NA,NA,NA
Beautiful Sibia,Heterophasia pulchella,1,NA,NA,NA,NA,NA,NA
Bengal Bushlark,Mirafra assamica,1,NA,NA,NA,NA,NA,NA
Bengal Florican,Houbaropsis bengalensis,1,NA,NA,NA,NA,NA,NA
Besra,Accipiter virgatus,1,NA,NA,NA,NA,NA,NA
Bhutan Laughingthrush,Trochalopteron imbricatum,1,NA,NA,NA,NA,NA,NA
Bimaculated Lark,Melanocorypha bimaculata,NA,NA,NA,1,NA,NA,NA
Black-and-orange Flycatcher,Ficedula nigrorufa,1,NA,NA,NA,NA,NA,NA
Black-and-yellow Grosbeak,Mycerobas icterioides,1,1,NA,NA,NA,NA,NA
Black-backed Dwarf-Kingfisher,Ceyx erithaca,1,NA,1,1,NA,NA,NA
Black-backed Forktail,Enicurus immaculatus,1,NA,NA,NA,NA,NA,NA
Black-bellied Plover,Pluvialis squatarola,NA,NA,NA,1,NA,NA,NA
Black-bellied Sandgrouse,Pterocles orientalis,NA,NA,NA,1,NA,NA,NA
Black-bellied Storm-Petrel,Fregetta tropica,NA,NA,NA,NA,NA,1,NA
Black-bellied Tern,Sterna acuticauda,1,NA,1,1,NA,NA,NA
Black-breasted Parrotbill,Paradoxornis flavirostris,1,NA,NA,NA,NA,NA,NA
Black-breasted Thrush,Turdus dissimilis,1,1,NA,NA,NA,NA,NA
Black-breasted Weaver,Ploceus benghalensis,1,NA,NA,NA,NA,NA,NA
Black-browed Reed Warbler,Acrocephalus bistrigiceps,NA,NA,NA,1,NA,NA,NA
Black-browed Tit,Aegithalos iouschistos,1,1,NA,NA,NA,NA,NA
Black-capped Kingfisher,Halcyon pileata,1,NA,NA,1,NA,NA,NA
Black-chinned Babbler,Cyanoderma pyrrhops,1,NA,NA,NA,NA,NA,NA
Black-chinned Yuhina,Yuhina nigrimenta,1,NA,NA,NA,NA,NA,NA
Black-crested Bulbul,Rubigula flaviventris,1,NA,NA,NA,NA,NA,NA
Black-crowned Night-Heron,Nycticorax nycticorax,1,NA,NA,NA,NA,NA,NA
Black-crowned Sparrow-Lark,Eremopterix nigriceps,1,NA,NA,NA,NA,NA,NA
Black-eared Shrike-Babbler,Pteruthius melanotis,1,1,NA,NA,NA,NA,NA
Black-faced Bunting,Emberiza spodocephala,NA,NA,NA,1,NA,NA,NA
Black-faced Laughingthrush,Trochalopteron affine,1,1,NA,NA,NA,NA,NA
Black-faced Warbler,Abroscopus schisticeps,1,1,NA,NA,NA,NA,NA
Black-headed Bulbul,Brachypodius atriceps,1,NA,NA,NA,NA,NA,NA
Black-headed Bunting,Emberiza melanocephala,NA,NA,NA,1,NA,NA,NA
Black-headed Cuckooshrike,Lalage melanoptera,NA,NA,1,1,NA,NA,NA
Black-headed Greenfinch,Chloris ambigua,1,1,NA,NA,NA,NA,NA
Black-headed Gull,Chroicocephalus ridibundus,NA,NA,NA,1,NA,NA,NA
Black-headed Ibis,Threskiornis melanocephalus,1,NA,NA,NA,NA,NA,NA
Black-headed Jay,Garrulus lanceolatus,1,1,NA,NA,NA,NA,NA
Black-headed Mountain-Finch,Leucosticte brandti,1,1,NA,NA,NA,NA,NA
Black-headed Shrike-Babbler,Pteruthius rufiventer,1,1,NA,NA,NA,NA,NA
Black-hooded Oriole,Oriolus xanthornus,1,NA,NA,NA,NA,NA,NA
Black-legged Kittiwake,Rissa tridactyla,NA,NA,NA,NA,NA,1,NA
Black-naped Monarch,Hypothymis azurea,1,NA,NA,NA,NA,NA,NA
Black-naped Oriole,Oriolus chinensis,NA,NA,NA,1,NA,NA,NA
Black-naped Tern,Sterna sumatrana,1,NA,NA,NA,NA,NA,NA
Black-necked Crane,Grus nigricollis,NA,NA,1,NA,NA,NA,NA
Black-necked Stork,Ephippiorhynchus asiaticus,1,NA,NA,NA,NA,NA,NA
Black-rumped Flameback,Dinopium benghalense,1,NA,NA,NA,NA,NA,NA
Black-tailed Crake,Zapornia bicolor,1,NA,NA,NA,NA,NA,NA
Black-tailed Godwit,Limosa limosa,NA,NA,NA,1,NA,NA,NA
Black-throated Accentor,Prunella atrogularis,NA,NA,NA,1,NA,NA,NA
Black-throated Munia,Lonchura kelaarti,1,NA,NA,NA,NA,NA,NA
Black-throated Parrotbill,Suthora nipalensis,1,1,NA,NA,NA,NA,NA
Black-throated Prinia,Prinia atrogularis,1,NA,NA,NA,NA,NA,NA
Black-throated Sunbird,Aethopyga saturata,1,1,NA,NA,NA,NA,NA
Black-throated Thrush,Turdus atrogularis,NA,NA,NA,1,NA,NA,NA
Black-throated Tit,Aegithalos concinnus,1,1,NA,NA,NA,NA,NA
Black-winged Cuckooshrike,Lalage melaschistos,NA,NA,1,1,NA,NA,NA
Black-winged Kite,Elanus caeruleus,1,NA,NA,NA,NA,NA,NA
Black-winged Snowfinch,Montifringilla adamsi,1,1,NA,NA,NA,NA,NA
Black-winged Stilt,Himantopus himantopus,1,NA,1,1,NA,NA,NA
Black Baza,Aviceda leuphotes,1,NA,1,1,NA,NA,NA
Black Bittern,Ixobrychus flavicollis,1,NA,1,1,NA,NA,NA
Black Bulbul,Hypsipetes leucocephalus,1,1,NA,NA,NA,NA,NA
Black Drongo,Dicrurus macrocercus,1,NA,NA,NA,NA,NA,NA
Black Eagle,Ictinaetus malaiensis,1,NA,NA,NA,NA,NA,NA
Black Francolin,Francolinus francolinus,1,NA,NA,NA,NA,NA,NA
Black Kite,Milvus migrans,1,NA,NA,1,NA,NA,NA
Black Noddy,Anous minutus,NA,NA,NA,NA,NA,1,NA
Black Redstart,Phoenicurus ochruros,NA,NA,1,1,NA,NA,1
Black Stork,Ciconia nigra,NA,NA,NA,1,NA,NA,NA
Black Tern,Chlidonias niger,NA,NA,NA,NA,NA,1,NA
Blackish-breasted Babbler,Stachyris humei,1,NA,NA,NA,NA,NA,NA
Blanford's Rosefinch,Agraphospiza rubescens,1,1,NA,NA,NA,NA,NA
Blanford's Snowfinch,Montifringilla blanfordi,1,NA,NA,NA,NA,NA,NA
Blood Pheasant,Ithaginis cruentus,1,1,NA,NA,NA,NA,NA
Blossom-headed Parakeet,Psittacula roseata,1,NA,NA,NA,NA,NA,NA
Blue-and-white Flycatcher,Cyanoptila cyanomelana,NA,NA,NA,1,NA,NA,NA
Blue-bearded Bee-eater,Nyctyornis athertoni,1,NA,NA,NA,NA,NA,NA
Blue-breasted Quail,Synoicus chinensis,1,NA,NA,NA,NA,NA,NA
Blue-capped Redstart,Phoenicurus coeruleocephala,1,1,NA,NA,NA,NA,NA
Blue-capped Rock-Thrush,Monticola cinclorhyncha,NA,NA,1,1,NA,NA,NA
Blue-cheeked Bee-eater,Merops persicus,NA,NA,1,NA,NA,NA,NA
Blue-eared Barbet,Psilopogon duvaucelii,1,NA,NA,NA,NA,NA,NA
Blue-eared Kingfisher,Alcedo meninting,1,NA,NA,NA,NA,NA,NA
Blue-faced Malkoha,Phaenicophaeus viridirostris,1,NA,NA,NA,NA,NA,NA
Blue-fronted Redstart,Phoenicurus frontalis,1,1,NA,NA,NA,NA,NA
Blue-fronted Robin,Cinclidium frontale,1,1,NA,NA,NA,NA,NA
Blue-naped Pitta,Hydrornis nipalensis,1,NA,NA,NA,NA,NA,NA
Blue-tailed Bee-eater,Merops philippinus,1,NA,1,1,NA,NA,NA
Blue-throated Barbet,Psilopogon asiaticus,1,NA,NA,NA,NA,NA,NA
Blue-throated Bee-eater,Merops viridis,NA,NA,NA,NA,NA,1,NA
Blue-throated Flycatcher,Cyornis rubeculoides,NA,NA,1,1,NA,NA,NA
Blue-winged Laughingthrush,Trochalopteron squamatum,1,1,NA,NA,NA,NA,NA
Blue-winged Leafbird,Chloropsis cochinchinensis,1,NA,NA,NA,NA,NA,NA
Blue-winged Minla,Actinodura cyanouroptera,1,1,NA,NA,NA,NA,NA
Blue-winged Pitta,Pitta moluccensis,NA,NA,NA,NA,NA,1,NA
Blue Pitta,Hydrornis cyaneus,NA,1,NA,NA,NA,NA,NA
Blue Rock-Thrush,Monticola solitarius,NA,NA,1,1,NA,NA,1
Blue Whistling-Thrush,Myophonus caeruleus,1,1,NA,NA,NA,NA,NA
Bluethroat,Luscinia svecica,NA,NA,1,1,NA,NA,1
Blunt-winged Warbler,Acrocephalus concinens,NA,NA,1,1,NA,NA,1
Blyth's Kingfisher,Alcedo hercules,1,NA,NA,NA,NA,NA,NA
Blyth's Leaf Warbler,Phylloscopus reguloides,1,NA,1,1,NA,NA,NA
Blyth's Paradise-Flycatcher,Terpsiphone affinis,1,NA,NA,1,NA,NA,NA
Blyth's Pipit,Anthus godlewskii,NA,NA,NA,1,NA,NA,NA
Blyth's Reed Warbler,Acrocephalus dumetorum,NA,NA,NA,1,NA,NA,NA
Blyth's Rosefinch,Carpodacus grandis,1,NA,NA,NA,NA,NA,1
Blyth's Shrike-Babbler,Pteruthius aeralatus,1,1,NA,NA,NA,NA,NA
Blyth's Swift,Apus leuconyx,NA,NA,1,1,NA,NA,NA
Blyth's Tragopan,Tragopan blythii,1,1,NA,NA,NA,NA,NA
Bohemian Waxwing,Bombycilla garrulus,NA,NA,NA,NA,NA,1,NA
Bonelli's Eagle,Aquila fasciata,1,NA,NA,NA,NA,NA,NA
Booted Eagle,Hieraaetus pennatus,NA,NA,NA,1,NA,NA,NA
Booted Warbler,Iduna caligata,NA,NA,NA,1,NA,NA,NA
Boreal Owl,Aegolius funereus,1,NA,NA,NA,NA,NA,NA
Brahminy Kite,Haliastur indus,1,NA,NA,NA,NA,NA,NA
Brahminy Starling,Sturnia pagodarum,1,NA,NA,NA,NA,NA,NA
Brambling,Fringilla montifringilla,NA,NA,NA,1,NA,NA,NA
Bridled Tern,Onychoprion anaethetus,1,NA,NA,1,NA,NA,NA
Bristled Grassbird,Chaetornis striata,NA,NA,1,1,NA,NA,NA
Broad-billed Sandpiper,Calidris falcinellus,NA,NA,NA,1,NA,NA,NA
Broad-billed Warbler,Tickellia hodgsoni,1,1,NA,NA,NA,NA,NA
Broad-tailed Grassbird,Schoenicola platyurus,1,NA,NA,NA,NA,NA,NA
Bronze-winged Jacana,Metopidius indicus,1,NA,NA,NA,NA,NA,NA
Bronzed Drongo,Dicrurus aeneus,1,NA,NA,NA,NA,NA,NA
Brooks's Leaf Warbler,Phylloscopus subviridis,NA,NA,NA,1,NA,NA,NA
Brown-backed Needletail,Hirundapus giganteus,1,NA,NA,NA,NA,NA,NA
Brown-breasted Flycatcher,Muscicapa muttui,NA,NA,NA,1,NA,NA,NA
Brown-capped Laughingthrush,Trochalopteron austeni,1,NA,NA,NA,NA,NA,NA
Brown-capped Woodpecker,Yungipicus nanus,1,NA,NA,NA,NA,NA,NA
Brown-cheeked Fulvetta,Alcippe poioicephala,1,NA,NA,NA,NA,NA,NA
Brown-cheeked Rail,Rallus indicus,NA,NA,NA,1,NA,NA,NA
Brown-fronted Woodpecker,Dendrocoptes auriceps,1,1,NA,NA,NA,NA,NA
Brown-headed Barbet,Psilopogon zeylanicus,1,NA,NA,NA,NA,NA,NA
Brown-headed Gull,Chroicocephalus brunnicephalus,NA,NA,1,1,NA,NA,1
Brown-rumped Minivet,Pericrocotus cantonensis,NA,NA,NA,NA,NA,1,NA
Brown-winged Kingfisher,Pelargopsis amauroptera,1,NA,NA,NA,NA,NA,NA
Brown Accentor,Prunella fulvescens,1,1,NA,NA,NA,NA,NA
Brown Boobook,Ninox scutulata,1,NA,NA,NA,NA,NA,NA
Brown Booby,Sula leucogaster,NA,NA,NA,1,NA,1,NA
Brown Bullfinch,Pyrrhula nipalensis,1,1,NA,NA,NA,NA,NA
Brown Bush Warbler,Locustella luteoventris,1,1,NA,NA,NA,NA,NA
Brown Crake,Zapornia akool,1,NA,NA,NA,NA,NA,NA
Brown Dipper,Cinclus pallasii,1,1,NA,NA,NA,NA,NA
Brown Fish-Owl,Ketupa zeylonensis,1,NA,NA,NA,NA,NA,NA
Brown Hornbill,Anorrhinus austeni,1,NA,NA,NA,NA,NA,NA
Brown Noddy,Anous stolidus,1,NA,NA,NA,NA,NA,NA
Brown Parrotbill,Cholornis unicolor,1,NA,NA,NA,NA,NA,NA
Brown Rock Chat,Oenanthe fusca,1,NA,NA,NA,NA,NA,NA
Brown Shrike,Lanius cristatus,NA,NA,NA,1,NA,NA,NA
Brown Skua,Stercorarius antarcticus,NA,NA,1,NA,NA,1,NA
Brown Wood-Owl,Strix leptogrammica,1,NA,NA,NA,NA,NA,NA
Brownish-flanked Bush Warbler,Horornis fortipes,1,1,NA,NA,NA,NA,NA
Buff-barred Warbler,Phylloscopus pulcher,1,1,NA,NA,NA,NA,NA
Buff-breasted Babbler,Pellorneum tickelli,1,NA,NA,NA,NA,NA,NA
Buff-breasted Sandpiper,Calidris subruficollis,NA,NA,NA,NA,NA,1,NA
Buff-chested Babbler,Cyanoderma ambiguum,1,NA,NA,NA,NA,NA,NA
Buff-throated Warbler,Phylloscopus subaffinis,NA,NA,NA,NA,NA,1,NA
Buffy Fish-Owl,Ketupa ketupu,1,NA,NA,NA,NA,NA,NA
Bugun Liocichla,Liocichla bugunorum,1,NA,NA,NA,NA,NA,NA
Burmese Shrike,Lanius collurioides,NA,NA,NA,1,NA,NA,NA
Cachar Bulbul,Iole cacharensis,1,NA,NA,NA,NA,NA,NA
Carrion Crow,Corvus corone,1,NA,NA,NA,NA,NA,NA
Caspian Gull,Larus cachinnans,NA,NA,NA,1,NA,NA,NA
Caspian Plover,Charadrius asiaticus,NA,NA,NA,NA,1,NA,NA
Caspian Tern,Hydroprogne caspia,1,NA,NA,NA,NA,NA,NA
Cattle Egret,Bubulcus ibis,1,NA,NA,NA,NA,NA,NA
Cetti's Warbler,Cettia cetti,NA,NA,NA,1,NA,NA,NA
Changeable Hawk-Eagle,Nisaetus cirrhatus,1,NA,NA,NA,NA,NA,NA
Cheer Pheasant,Catreus wallichii,1,NA,NA,NA,NA,NA,NA
Chestnut-backed Laughingthrush,Ianthocincla nuchalis,1,NA,NA,NA,NA,NA,NA
Chestnut-bellied Nuthatch,Sitta cinnamoventris,1,NA,NA,NA,NA,NA,NA
Chestnut-bellied Rock-Thrush,Monticola rufiventris,1,1,NA,NA,NA,NA,NA
Chestnut-bellied Sandgrouse,Pterocles exustus,1,NA,NA,NA,NA,NA,NA
Chestnut-breasted Partridge,Arborophila mandellii,1,NA,NA,NA,NA,NA,NA
Chestnut-capped Babbler,Timalia pileata,1,NA,NA,NA,NA,NA,NA
Chestnut-cheeked Starling,Agropsar philippensis,NA,NA,NA,NA,NA,1,NA
Chestnut-crowned Bush Warbler,Cettia major,1,1,NA,NA,NA,NA,NA
Chestnut-crowned Laughingthrush,Trochalopteron erythrocephalum,1,1,NA,NA,NA,NA,NA
Chestnut-crowned Warbler,Phylloscopus castaniceps,1,1,NA,NA,NA,NA,NA
Chestnut-eared Bunting,Emberiza fucata,1,NA,1,1,NA,NA,NA
Chestnut-flanked White-eye,Zosterops erythropleurus,NA,NA,NA,1,NA,NA,NA
Chestnut-headed Bee-eater,Merops leschenaulti,1,NA,1,1,NA,NA,NA
Chestnut-headed Tesia,Cettia castaneocoronata,1,NA,NA,NA,NA,NA,NA
Chestnut-tailed Minla,Actinodura strigula,1,1,NA,NA,NA,NA,NA
Chestnut-tailed Starling,Sturnia malabarica,NA,NA,1,1,NA,NA,NA
Chestnut-vented Nuthatch,Sitta nagaensis,1,1,NA,NA,NA,NA,NA
Chestnut-winged Cuckoo,Clamator coromandus,NA,NA,1,1,NA,NA,NA
Chestnut Bunting,Emberiza rutila,NA,NA,NA,1,NA,NA,NA
Chestnut Munia,Lonchura atricapilla,1,NA,NA,NA,NA,NA,NA
Chestnut Thrush,Turdus rubrocanus,1,1,NA,NA,NA,NA,NA
Chevron-breasted Babbler,Stachyris roberti,1,NA,NA,NA,NA,NA,NA
Chin Hills Wren-Babbler,Spelaeornis oatesi,1,NA,NA,NA,NA,NA,NA
Chinese Bush Warbler,Locustella tacsanowskia,NA,NA,NA,NA,NA,1,NA
Chinese Egret,Egretta eulophotes,NA,NA,NA,1,NA,NA,NA
Chinese Francolin,Francolinus pintadeanus,1,NA,NA,NA,NA,NA,NA
Chinese Leaf Warbler,Phylloscopus yunnanensis,NA,NA,NA,NA,NA,1,NA
Chinese Pond-Heron,Ardeola bacchus,1,NA,1,NA,NA,1,NA
Chinese Rubythroat,Calliope tschebaiewi,NA,NA,1,1,NA,NA,1
Chinese Sparrowhawk,Accipiter soloensis,NA,NA,NA,1,NA,NA,NA
Chinese Thrush,Otocichla mupinensis,NA,NA,NA,NA,NA,1,NA
Chinese White-browed Rosefinch,Carpodacus dubius,1,1,NA,NA,NA,NA,NA
Christmas Island Frigatebird,Fregata andrewsi,NA,NA,NA,NA,NA,1,NA
Chukar,Alectoris chukar,1,1,NA,NA,NA,NA,NA
Cinereous Tit,Parus cinereus,1,NA,NA,NA,NA,NA,NA
Cinereous Vulture,Aegypius monachus,NA,NA,NA,1,NA,NA,NA
Cinnamon Bittern,Ixobrychus cinnamomeus,1,NA,1,1,NA,NA,NA
Citrine Wagtail,Motacilla citreola,NA,NA,1,1,NA,NA,1
Clamorous Reed Warbler,Acrocephalus stentoreus,1,NA,1,1,NA,NA,1
Claudia's Leaf Warbler,Phylloscopus claudiae,NA,NA,NA,NA,NA,1,NA
Clicking Shrike-Babbler,Pteruthius intermedius,1,NA,NA,NA,NA,NA,NA
Coal Tit,Periparus ater,1,1,NA,NA,NA,NA,NA
Collared Falconet,Microhierax caerulescens,1,NA,NA,NA,NA,NA,NA
Collared Grosbeak,Mycerobas affinis,1,1,NA,NA,NA,NA,NA
Collared Kingfisher,Todiramphus chloris,1,NA,NA,NA,NA,NA,NA
Collared Myna,Acridotheres albocinctus,1,NA,NA,NA,NA,NA,NA
Collared Owlet,Glaucidium brodiei,1,1,NA,NA,NA,NA,NA
Collared Pratincole,Glareola pratincola,NA,NA,1,1,NA,NA,1
Collared Scops-Owl,Otus lettia,1,1,NA,NA,NA,NA,NA
Collared Treepie,Dendrocitta frontalis,1,NA,NA,NA,NA,NA,NA
Common Babbler,Turdoides caudata,1,NA,NA,NA,NA,NA,NA
Common Buzzard,Buteo buteo,NA,NA,NA,1,NA,NA,NA
Common Chaffinch,Fringilla coelebs,NA,NA,NA,1,NA,NA,NA
Common Chiffchaff,Phylloscopus collybita,NA,NA,NA,1,NA,NA,NA
Common Crane,Grus grus,NA,NA,NA,1,NA,NA,NA
Common Cuckoo,Cuculus canorus,NA,NA,1,1,NA,NA,NA
Common Flameback,Dinopium javanense,1,NA,NA,NA,NA,NA,NA
Common Goldeneye,Bucephala clangula,NA,NA,NA,1,NA,NA,NA
Common Grasshopper-Warbler,Locustella naevia,NA,NA,NA,1,NA,NA,NA
Common Green-Magpie,Cissa chinensis,1,NA,NA,NA,NA,NA,NA
Common Greenshank,Tringa nebularia,NA,NA,NA,1,NA,NA,NA
Common Hawk-Cuckoo,Hierococcyx varius,1,NA,NA,NA,NA,NA,NA
Common Hill Myna,Gracula religiosa,1,NA,NA,NA,NA,NA,NA
Common House-Martin,Delichon urbicum,NA,NA,1,1,NA,NA,1
Common Iora,Aegithina tiphia,1,NA,NA,NA,NA,NA,NA
Common Kingfisher,Alcedo atthis,1,NA,NA,NA,NA,NA,NA
Common Merganser,Mergus merganser,NA,NA,1,1,NA,NA,1
Common Myna,Acridotheres tristis,1,NA,NA,NA,NA,NA,NA
Common Pochard,Aythya ferina,NA,NA,NA,1,NA,NA,NA
Common Quail,Coturnix coturnix,NA,NA,NA,1,NA,NA,NA
Common Raven,Corvus corax,1,1,NA,NA,NA,NA,NA
Common Redshank,Tringa totanus,NA,NA,NA,1,NA,NA,NA
Common Redstart,Phoenicurus phoenicurus,NA,NA,NA,NA,NA,1,NA
Common Ringed Plover,Charadrius hiaticula,NA,NA,NA,1,NA,NA,NA
Common Rosefinch,Carpodacus erythrinus,NA,NA,1,1,NA,NA,1
Common Sandpiper,Actitis hypoleucos,NA,NA,NA,1,NA,NA,NA
Common Shelduck,Tadorna tadorna,NA,NA,NA,1,NA,NA,NA
Common Snipe,Gallinago gallinago,NA,NA,NA,1,NA,NA,NA
Common Swift,Apus apus,NA,NA,1,1,NA,NA,1
Common Tailorbird,Orthotomus sutorius,1,NA,NA,NA,NA,NA,NA
Common Tern,Sterna hirundo,NA,NA,1,1,NA,NA,1
Common Wood-Pigeon,Columba palumbus,1,NA,NA,1,NA,NA,1
Common Woodshrike,Tephrodornis pondicerianus,1,NA,NA,NA,NA,NA,NA
Coppersmith Barbet,Psilopogon haemacephalus,1,NA,NA,NA,NA,NA,NA
Coral-billed Scimitar-Babbler,Pomatorhinus ferruginosus,1,NA,NA,NA,NA,NA,NA
Corn Crake,Crex crex,NA,NA,NA,NA,NA,1,NA
Cory's Shearwater,Calonectris diomedea,NA,NA,NA,NA,NA,1,NA
Cotton Pygmy-Goose,Nettapus coromandelianus,1,NA,NA,NA,NA,NA,NA
Crab-Plover,Dromas ardeola,NA,NA,NA,1,NA,NA,NA
Cream-colored Courser,Cursorius cursor,1,NA,NA,NA,NA,NA,NA
Crested Bunting,Emberiza lathami,NA,NA,1,1,NA,NA,NA
Crested Finchbill,Spizixos canifrons,1,NA,NA,NA,NA,NA,NA
Crested Goshawk,Accipiter trivirgatus,1,NA,NA,NA,NA,NA,NA
Crested Kingfisher,Megaceryle lugubris,1,1,NA,NA,NA,NA,NA
Crested Lark,Galerida cristata,1,NA,NA,NA,NA,NA,NA
Crested Serpent-Eagle,Spilornis cheela,1,NA,NA,NA,NA,NA,NA
Crested Tit-Warbler,Leptopoecile elegans,NA,NA,NA,NA,NA,1,NA
Crested Treeswift,Hemiprocne coronata,1,NA,NA,NA,NA,NA,NA
Crimson-backed Sunbird,Leptocoma minima,1,NA,NA,NA,NA,NA,NA
Crimson-breasted Woodpecker,Dryobates cathpharius,1,NA,NA,NA,NA,NA,NA
Crimson-browed Finch,Carpodacus subhimachalus,1,1,NA,NA,NA,NA,NA
Crimson-winged Finch,Rhodopechys sanguineus,NA,NA,NA,NA,NA,1,NA
Crimson Sunbird,Aethopyga siparaja,1,NA,NA,NA,NA,NA,NA
Crow-billed Drongo,Dicrurus annectens,NA,NA,1,1,NA,NA,NA
Curlew Sandpiper,Calidris ferruginea,NA,NA,NA,1,NA,NA,NA
Dalmatian Pelican,Pelecanus crispus,NA,NA,NA,1,NA,NA,NA
Darjeeling Woodpecker,Dendrocopos darjellensis,1,NA,NA,NA,NA,NA,NA
Dark-breasted Rosefinch,Procarduelis nipalensis,1,1,NA,NA,NA,NA,NA
Dark-fronted Babbler,Rhopocichla atriceps,1,NA,NA,NA,NA,NA,NA
Dark-necked Tailorbird,Orthotomus atrogularis,1,NA,NA,NA,NA,NA,NA
Dark-rumped Rosefinch,Carpodacus edwardsii,1,1,NA,NA,NA,NA,NA
Dark-rumped Swift,Apus acuticauda,1,NA,NA,NA,NA,NA,NA
Dark-sided Flycatcher,Muscicapa sibirica,NA,NA,1,1,NA,NA,NA
Dark-sided Thrush,Zoothera marginata,1,1,NA,NA,NA,NA,NA
Daurian Redstart,Phoenicurus auroreus,NA,NA,NA,1,NA,NA,NA
Daurian Starling,Agropsar sturninus,NA,NA,NA,1,NA,NA,NA
Demoiselle Crane,Anthropoides virgo,NA,NA,NA,1,NA,NA,NA
Derbyan Parakeet,Psittacula derbiana,1,NA,1,NA,NA,NA,NA
Desert Finch,Rhodospiza obsoleta,NA,NA,NA,NA,NA,1,NA
Desert Lark,Ammomanes deserti,1,NA,NA,NA,NA,NA,NA
Desert Wheatear,Oenanthe deserti,NA,NA,1,1,NA,NA,1
Dollarbird,Eurystomus orientalis,1,NA,NA,NA,NA,NA,NA
Dunlin,Calidris alpina,NA,NA,NA,1,NA,NA,NA
Dusky Crag-Martin,Ptyonoprogne concolor,1,NA,NA,NA,NA,NA,NA
Dusky Eagle-Owl,Bubo coromandus,1,NA,NA,NA,NA,NA,NA
Dusky Thrush,Turdus eunomus,NA,NA,NA,1,NA,NA,NA
Dusky Warbler,Phylloscopus fuscatus,NA,NA,NA,1,NA,NA,NA
Eared Grebe,Podiceps nigricollis,NA,NA,NA,1,NA,NA,NA
Eastern Marsh-Harrier,Circus spilonotus,NA,NA,NA,1,NA,NA,NA
Eastern Orphean Warbler,Sylvia crassirostris,NA,NA,NA,1,NA,NA,NA
Eastern Spot-billed Duck,Anas zonorhyncha,NA,NA,NA,NA,NA,1,NA
Eastern Yellow Wagtail,Motacilla tschutschensis,NA,NA,NA,1,NA,NA,NA
Egyptian Vulture,Neophron percnopterus,1,NA,NA,NA,NA,NA,NA
Elliot's Laughingthrush,Trochalopteron elliotii,1,NA,NA,NA,NA,NA,NA
Eurasian Collared-Dove,Streptopelia decaocto,1,NA,NA,NA,NA,NA,NA
Eurasian Coot,Fulica atra,1,NA,NA,1,NA,NA,NA
Eurasian Crag-Martin,Ptyonoprogne rupestris,1,NA,1,1,NA,NA,NA
Eurasian Curlew,Numenius arquata,NA,NA,NA,1,NA,NA,NA
Eurasian Eagle-Owl,Bubo bubo,1,NA,NA,NA,NA,NA,NA
Eurasian Golden Oriole,Oriolus oriolus,NA,NA,NA,NA,NA,1,NA
Eurasian Griffon,Gyps fulvus,NA,NA,NA,1,NA,NA,NA
Eurasian Hobby,Falco subbuteo,NA,NA,1,1,NA,NA,1
Eurasian Hoopoe,Upupa epops,1,NA,1,1,NA,NA,NA
Eurasian Jackdaw,Corvus monedula,1,NA,1,1,NA,NA,1
Eurasian Jay,Garrulus glandarius,1,1,NA,NA,NA,NA,NA
Eurasian Kestrel,Falco tinnunculus,1,NA,1,1,NA,NA,NA
Eurasian Linnet,Linaria cannabina,NA,NA,NA,1,NA,NA,NA
Eurasian Magpie,Pica pica,1,NA,NA,NA,NA,NA,NA
Eurasian Marsh-Harrier,Circus aeruginosus,NA,NA,NA,1,NA,NA,NA
Eurasian Moorhen,Gallinula chloropus,1,NA,NA,1,NA,NA,NA
Eurasian Nightjar,Caprimulgus europaeus,NA,NA,NA,NA,1,NA,NA
Eurasian Nutcracker,Nucifraga caryocatactes,1,NA,NA,NA,NA,NA,NA
Eurasian Oystercatcher,Haematopus ostralegus,NA,NA,NA,1,NA,NA,NA
Eurasian Scops-Owl,Otus scops,NA,NA,NA,1,NA,NA,NA
Eurasian Siskin,Spinus spinus,NA,NA,NA,NA,NA,1,NA
Eurasian Skylark,Alauda arvensis,NA,NA,NA,1,NA,NA,NA
Eurasian Sparrowhawk,Accipiter nisus,1,NA,1,1,NA,NA,NA
Eurasian Spoonbill,Platalea leucorodia,1,NA,NA,1,NA,NA,NA
Eurasian Tree Sparrow,Passer montanus,1,1,NA,NA,NA,NA,NA
Eurasian Wigeon,Mareca penelope,NA,NA,NA,1,NA,NA,NA
Eurasian Woodcock,Scolopax rusticola,NA,NA,1,1,NA,NA,NA
Eurasian Wren,Troglodytes troglodytes,1,1,NA,NA,NA,NA,NA
Eurasian Wryneck,Jynx torquilla,NA,NA,NA,1,NA,NA,NA
European Bee-eater,Merops apiaster,NA,NA,NA,1,NA,NA,NA
European Golden-Plover,Pluvialis apricaria,NA,NA,NA,1,NA,NA,NA
European Goldfinch,Carduelis carduelis,1,1,NA,NA,NA,NA,NA
European Honey-buzzard,Pernis apivorus,NA,NA,NA,1,NA,1,NA
European Roller,Coracias garrulus,NA,NA,NA,NA,1,NA,NA
European Starling,Sturnus vulgaris,NA,NA,1,1,NA,NA,1
European Turtle-Dove,Streptopelia turtur,NA,NA,NA,NA,NA,1,NA
Eyebrowed Thrush,Turdus obscurus,NA,NA,NA,1,NA,NA,NA
Eyebrowed Wren-Babbler,Napothera epilepidota,1,1,NA,NA,NA,NA,NA
Falcated Duck,Mareca falcata,NA,NA,NA,1,NA,NA,NA
Ferruginous Duck,Aythya nyroca,NA,NA,NA,1,NA,NA,NA
Ferruginous Flycatcher,Muscicapa ferruginea,NA,NA,1,NA,NA,NA,NA
Fieldfare,Turdus pilaris,NA,NA,NA,NA,NA,1,NA
Finn's Weaver,Ploceus megarhynchus,1,NA,NA,NA,NA,NA,NA
Finsch's Wheatear,Oenanthe finschii,NA,NA,NA,NA,NA,1,NA
Fire-breasted Flowerpecker,Dicaeum ignipectus,1,1,NA,NA,NA,NA,NA
Fire-capped Tit,Cephalopyrus flammiceps,1,NA,1,1,NA,NA,NA
Fire-fronted Serin,Serinus pusillus,1,1,NA,NA,NA,NA,NA
Fire-tailed Myzornis,Myzornis pyrrhoura,1,1,NA,NA,NA,NA,NA
Fire-tailed Sunbird,Aethopyga ignicauda,1,1,NA,NA,NA,NA,NA
Firethroat,Calliope pectardens,NA,NA,NA,NA,1,1,NA
Flame-throated Bulbul,Rubigula gularis,1,NA,NA,NA,NA,NA,NA
Flavescent Bulbul,Pycnonotus flavescens,1,NA,NA,NA,NA,NA,NA
Flesh-footed Shearwater,Ardenna carneipes,NA,NA,1,NA,NA,NA,NA
Forest Owlet,Athene blewitti,1,NA,NA,NA,NA,NA,NA
Forest Wagtail,Dendronanthus indicus,NA,NA,NA,1,NA,NA,NA
Fork-tailed Drongo-Cuckoo,Surniculus dicruroides,1,NA,1,1,NA,NA,NA
Franklin's Gull,Leucophaeus pipixcan,NA,NA,NA,NA,NA,1,NA
Freckle-breasted Woodpecker,Dendrocopos analis,1,NA,NA,NA,NA,NA,NA
Fulvous-breasted Woodpecker,Dendrocopos macei,1,NA,NA,NA,NA,NA,NA
Fulvous Parrotbill,Suthora fulvifrons,1,NA,NA,NA,NA,NA,NA
Fulvous Whistling-Duck,Dendrocygna bicolor,1,NA,NA,NA,NA,NA,NA
Gadwall,Mareca strepera,NA,NA,NA,1,NA,NA,NA
Garden Warbler,Sylvia borin,NA,NA,NA,NA,NA,1,NA
Garganey,Spatula querquedula,NA,NA,NA,1,NA,NA,NA
Glossy Ibis,Plegadis falcinellus,1,NA,NA,NA,NA,NA,NA
Godlewski's Bunting,Emberiza godlewskii,1,1,NA,NA,NA,NA,NA
Gold-naped Finch,Pyrrhoplectes epauletta,1,1,NA,NA,NA,NA,NA
Goldcrest,Regulus regulus,1,1,NA,NA,NA,NA,NA
Golden-breasted Fulvetta,Lioparus chrysotis,1,1,NA,NA,NA,NA,NA
Golden-crested Myna,Ampeliceps coronatus,1,NA,NA,NA,NA,NA,NA
Golden-fronted Leafbird,Chloropsis aurifrons,1,NA,NA,NA,NA,NA,NA
Golden-headed Cisticola,Cisticola exilis,1,NA,NA,NA,NA,NA,NA
Golden-throated Barbet,Psilopogon franklinii,1,NA,NA,NA,NA,NA,NA
Golden Babbler,Cyanoderma chrysaeum,1,NA,NA,NA,NA,NA,NA
Golden Bush-Robin,Tarsiger chrysaeus,1,1,NA,NA,NA,NA,NA
Golden Eagle,Aquila chrysaetos,1,1,NA,NA,NA,NA,NA
Goliath Heron,Ardea goliath,NA,NA,NA,NA,NA,1,NA
Gould's Shortwing,Brachypteryx stellata,1,1,NA,NA,NA,NA,NA
Graceful Prinia,Prinia gracilis,1,NA,NA,NA,NA,NA,NA
Grandala,Grandala coelicolor,1,1,NA,NA,NA,NA,NA
Gray-backed Shrike,Lanius tephronotus,NA,NA,1,1,NA,NA,1
Gray-bellied Cuckoo,Cacomantis passerinus,1,NA,NA,NA,NA,NA,NA
Gray-bellied Tesia,Tesia cyaniventer,1,1,NA,NA,NA,NA,NA
Gray-bellied Wren-Babbler,Spelaeornis reptatus,1,NA,NA,NA,NA,NA,NA
Gray-breasted Prinia,Prinia hodgsonii,1,NA,NA,NA,NA,NA,NA
Gray-capped Woodpecker,Yungipicus canicapillus,1,1,NA,NA,NA,NA,NA
Gray-cheeked Warbler,Phylloscopus poliogenys,1,1,NA,NA,NA,NA,NA
Gray-chinned Minivet,Pericrocotus solaris,1,1,NA,NA,NA,NA,NA
Gray-crested Tit,Lophophanes dichrous,1,1,NA,NA,NA,NA,NA
Gray-crowned Prinia,Prinia cinereocapilla,1,NA,NA,NA,NA,NA,NA
Gray-crowned Warbler,Phylloscopus tephrocephalus,NA,NA,1,NA,NA,NA,NA
Gray-faced Buzzard,Butastur indicus,NA,NA,NA,NA,NA,1,NA
Gray-fronted Green-Pigeon,Treron affinis,1,NA,NA,NA,NA,NA,NA
Gray-headed Bulbul,Brachypodius priocephalus,1,NA,NA,NA,NA,NA,NA
Gray-headed Bullfinch,Pyrrhula erythaca,1,1,NA,NA,NA,NA,NA
Gray-headed Canary-Flycatcher,Culicicapa ceylonensis,NA,NA,1,1,NA,NA,NA
Gray-headed Fish-Eagle,Haliaeetus ichthyaetus,1,NA,NA,NA,NA,NA,NA
Gray-headed Lapwing,Vanellus cinereus,NA,NA,NA,1,NA,NA,NA
Gray-headed Parakeet,Psittacula finschii,1,1,NA,NA,NA,NA,NA
Gray-headed Parrotbill,Psittiparus gularis,1,NA,NA,NA,NA,NA,NA
Gray-headed Swamphen,Porphyrio poliocephalus,1,NA,NA,NA,NA,NA,NA
Gray-headed Woodpecker,Picus canus,1,NA,NA,NA,NA,NA,NA
Gray-hooded Warbler,Phylloscopus xanthoschistos,1,1,NA,NA,NA,NA,NA
Gray-necked Bunting,Emberiza buchanani,NA,NA,NA,1,NA,NA,NA
Gray-sided Bush Warbler,Cettia brunnifrons,1,1,NA,NA,NA,NA,NA
Gray-sided Laughingthrush,Ianthocincla caerulata,1,NA,NA,NA,NA,NA,NA
Gray-sided Thrush,Turdus feae,NA,NA,NA,1,NA,NA,NA
Gray-tailed Tattler,Tringa brevipes,NA,NA,NA,NA,NA,1,NA
Gray-throated Babbler,Stachyris nigriceps,1,1,NA,NA,NA,NA,NA
Gray-throated Martin,Riparia chinensis,1,NA,NA,NA,NA,NA,NA
Gray-winged Blackbird,Turdus boulboul,1,1,NA,NA,NA,NA,NA
Gray Bushchat,Saxicola ferreus,1,1,NA,NA,NA,NA,NA
Gray Francolin,Francolinus pondicerianus,1,NA,NA,NA,NA,NA,NA
Gray Heron,Ardea cinerea,1,NA,NA,NA,NA,NA,NA
Gray Junglefowl,Gallus sonneratii,1,NA,NA,NA,NA,NA,NA
Gray Nightjar,Caprimulgus jotaka,1,NA,1,NA,NA,NA,NA
Gray Peacock-Pheasant,Polyplectron bicalcaratum,1,NA,NA,NA,NA,NA,NA
Gray Sibia,Heterophasia gracilis,1,1,NA,NA,NA,NA,NA
Gray Treepie,Dendrocitta formosae,1,1,NA,NA,NA,NA,NA
Gray Wagtail,Motacilla cinerea,NA,NA,1,1,NA,NA,1
Graylag Goose,Anser anser,NA,NA,NA,1,NA,NA,NA
Great Barbet,Psilopogon virens,1,1,NA,NA,NA,NA,NA
Great Bittern,Botaurus stellaris,NA,NA,NA,1,NA,NA,NA
Great Cormorant,Phalacrocorax carbo,1,NA,NA,1,NA,NA,NA
Great Crested Grebe,Podiceps cristatus,1,NA,NA,1,NA,NA,1
Great Crested Tern,Thalasseus bergii,1,NA,NA,NA,NA,NA,NA
Great Eared-Nightjar,Lyncornis macrotis,1,NA,NA,NA,NA,NA,NA
Great Egret,Ardea alba,1,NA,NA,NA,NA,NA,NA
Great Frigatebird,Fregata minor,NA,NA,NA,NA,NA,1,NA
Great Gray Shrike,Lanius excubitor,1,NA,NA,1,NA,NA,NA
Great Hornbill,Buceros bicornis,1,NA,NA,NA,NA,NA,NA
Great Indian Bustard,Ardeotis nigriceps,1,NA,NA,NA,NA,NA,NA
Great Knot,Calidris tenuirostris,NA,NA,NA,1,NA,NA,NA
Great Myna,Acridotheres grandis,1,NA,NA,NA,NA,NA,NA
Great Parrotbill,Conostoma aemodium,1,NA,NA,NA,NA,NA,NA
Great Reed Warbler,Acrocephalus arundinaceus,NA,NA,NA,NA,NA,1,NA
Great Rosefinch,Carpodacus rubicilla,1,1,NA,NA,NA,NA,NA
Great Slaty Woodpecker,Mulleripicus pulverulentus,1,NA,NA,NA,NA,NA,NA
Great Snipe,Gallinago media,NA,NA,NA,NA,NA,1,NA
Great Spotted Woodpecker,Dendrocopos major,1,NA,NA,NA,NA,NA,NA
Great Thick-knee,Esacus recurvirostris,1,NA,NA,NA,NA,NA,NA
Great White Pelican,Pelecanus onocrotalus,NA,NA,NA,1,NA,NA,NA
Greater Adjutant,Leptoptilos dubius,1,NA,NA,NA,NA,NA,NA
Greater Coucal,Centropus sinensis,1,NA,NA,NA,NA,NA,NA
Greater Flameback,Chrysocolaptes guttacristatus,1,NA,NA,NA,NA,NA,NA
Greater Flamingo,Phoenicopterus roseus,1,NA,1,1,NA,NA,NA
Greater Hoopoe-Lark,Alaemon alaudipes,1,NA,NA,NA,NA,NA,NA
Greater Necklaced Laughingthrush,Ianthocincla pectoralis,1,NA,NA,NA,NA,NA,NA
Greater Painted-Snipe,Rostratula benghalensis,1,NA,NA,NA,NA,NA,NA
Greater Racket-tailed Drongo,Dicrurus paradiseus,1,NA,NA,NA,NA,NA,NA
Greater Sand-Plover,Charadrius leschenaultii,NA,NA,NA,1,NA,NA,NA
Greater Scaup,Aythya marila,NA,NA,NA,1,NA,NA,NA
Greater Short-toed Lark,Calandrella brachydactyla,NA,NA,NA,1,NA,NA,NA
Greater Spotted Eagle,Clanga clanga,NA,NA,NA,1,NA,NA,NA
Greater White-fronted Goose,Anser albifrons,NA,NA,NA,1,NA,NA,NA
Greater Whitethroat,Sylvia communis,NA,NA,NA,NA,1,NA,NA
Greater Yellownape,Chrysophlegma flavinucha,1,NA,NA,NA,NA,NA,NA
Green-backed Tit,Parus monticolus,1,1,NA,NA,NA,NA,NA
Green-billed Malkoha,Phaenicophaeus tristis,1,NA,NA,NA,NA,NA,NA
Green-crowned Warbler,Phylloscopus burkii,NA,NA,1,1,NA,NA,NA
Green-tailed Sunbird,Aethopyga nipalensis,1,1,NA,NA,NA,NA,NA
Green-winged Teal,Anas crecca,NA,NA,NA,1,NA,NA,NA
Green Avadavat,Sporaeginthus formosus,1,NA,NA,NA,NA,NA,NA
Green Bee-eater,Merops orientalis,1,NA,NA,NA,NA,NA,NA
Green Cochoa,Cochoa viridis,1,1,NA,NA,NA,NA,NA
Green Imperial-Pigeon,Ducula aenea,1,NA,NA,NA,NA,NA,NA
Green Peafowl,Pavo muticus,NA,NA,NA,NA,NA,1,NA
Green Sandpiper,Tringa ochropus,NA,NA,NA,1,NA,NA,NA
Green Shrike-Babbler,Pteruthius xanthochlorus,1,NA,NA,NA,NA,NA,NA
Green Warbler,Phylloscopus nitidus,NA,NA,NA,1,NA,NA,NA
Greenish Warbler,Phylloscopus trochiloides,NA,NA,1,1,NA,NA,1
Ground Tit,Pseudopodoces humilis,1,NA,NA,NA,NA,NA,NA
Gull-billed Tern,Gelochelidon nilotica,NA,NA,1,1,NA,NA,NA
Hair-crested Drongo,Dicrurus hottentottus,1,NA,NA,1,NA,NA,NA
Hawfinch,Coccothraustes coccothraustes,NA,NA,NA,1,NA,NA,NA
Heart-spotted Woodpecker,Hemicircus canente,1,NA,NA,NA,NA,NA,NA
Hen Harrier,Circus cyaneus,NA,NA,NA,1,NA,NA,NA
Herring Gull,Larus argentatus,NA,NA,NA,NA,NA,1,NA
Hill Blue Flycatcher,Cyornis banyumas,1,NA,NA,NA,NA,NA,NA
Hill Partridge,Arborophila torqueola,1,NA,NA,NA,NA,NA,NA
Hill Pigeon,Columba rupestris,1,NA,NA,NA,NA,NA,NA
Hill Prinia,Prinia superciliaris,1,NA,NA,NA,NA,NA,NA
Hill Swallow,Hirundo domicola,1,NA,NA,NA,NA,NA,NA
Himalayan Beautiful Rosefinch,Carpodacus pulcherrimus,1,1,NA,NA,NA,NA,NA
Himalayan Black-lored Tit,Machlolophus xanthogenys,1,1,NA,NA,NA,NA,NA
Himalayan Bluetail,Tarsiger rufilatus,1,1,NA,NA,NA,NA,NA
Himalayan Bulbul,Pycnonotus leucogenys,1,NA,NA,NA,NA,NA,NA
Himalayan Buzzard,Buteo refectus,1,1,NA,NA,NA,NA,NA
Himalayan Cuckoo,Cuculus saturatus,NA,NA,1,1,NA,NA,NA
Himalayan Cutia,Cutia nipalensis,1,NA,NA,NA,NA,NA,NA
Himalayan Flameback,Dinopium shorii,1,NA,NA,NA,NA,NA,NA
Himalayan Griffon,Gyps himalayensis,1,NA,NA,1,NA,NA,NA
Himalayan Monal,Lophophorus impejanus,1,1,NA,NA,NA,NA,NA
Himalayan Owl,Strix nivicolum,1,1,NA,NA,NA,NA,NA
Himalayan Quail,Ophrysia superciliosa,1,NA,NA,NA,NA,NA,NA
Himalayan Rubythroat,Calliope pectoralis,1,1,NA,NA,NA,NA,NA
Himalayan Shortwing,Brachypteryx cruralis,1,1,NA,NA,NA,NA,NA
Himalayan Shrike-Babbler,Pteruthius ripleyi,1,1,NA,NA,NA,NA,NA
Himalayan Snowcock,Tetraogallus himalayensis,1,1,NA,NA,NA,NA,NA
Himalayan Swiftlet,Aerodramus brevirostris,1,NA,NA,NA,NA,NA,NA
Himalayan Thrush,Zoothera salimalii,1,1,NA,NA,NA,NA,NA
Himalayan White-browed Rosefinch,Carpodacus thura,1,1,NA,NA,NA,NA,NA
Himalayan Woodpecker,Dendrocopos himalayensis,1,1,NA,NA,NA,NA,NA
Hoary-throated Barwing,Actinodura nipalensis,1,1,NA,NA,NA,NA,NA
Hodgson's Frogmouth,Batrachostomus hodgsoni,1,NA,NA,NA,NA,NA,NA
Hodgson's Hawk-Cuckoo,Hierococcyx nisicolor,1,NA,1,NA,NA,NA,NA
Hodgson's Redstart,Phoenicurus hodgsoni,NA,NA,NA,1,NA,NA,NA
Hodgson's Treecreeper,Certhia hodgsoni,1,1,NA,NA,NA,NA,NA
Hooded Crow,Corvus cornix,NA,NA,NA,NA,NA,1,NA
Hooded Pitta,Pitta sordida,NA,NA,1,NA,NA,NA,NA
Horned Grebe,Podiceps auritus,NA,NA,NA,NA,NA,1,NA
Horned Lark,Eremophila alpestris,1,NA,1,1,NA,NA,NA
Horsfield's Bronze-Cuckoo,Chrysococcyx basalis,NA,NA,NA,NA,NA,1,NA
House Crow,Corvus splendens,1,NA,NA,NA,NA,NA,NA
House Sparrow,Passer domesticus,1,NA,NA,1,NA,NA,NA
House Swift,Apus nipalensis,1,NA,NA,NA,NA,NA,NA
Hume's Boobook,Ninox obscura,1,NA,NA,NA,NA,NA,NA
Hume's Bush Warbler,Horornis brunnescens,1,1,NA,NA,NA,NA,NA
Hume's Lark,Calandrella acutirostris,NA,NA,1,1,NA,NA,NA
Hume's Pheasant,Syrmaticus humiae,1,NA,NA,NA,NA,NA,NA
Hume's Treecreeper,Certhia manipurensis,1,NA,NA,NA,NA,NA,NA
Hume's Warbler,Phylloscopus humei,NA,NA,1,1,NA,NA,1
Hume's Wheatear,Oenanthe albonigra,NA,NA,NA,NA,NA,1,NA
Hypocolius,Hypocolius ampelinus,NA,NA,NA,1,NA,NA,NA
Ibisbill,Ibidorhyncha struthersii,NA,NA,1,1,NA,NA,NA
Immaculate Cupwing,Pnoepyga immaculata,1,1,NA,NA,NA,NA,NA
Imperial Eagle,Aquila heliaca,NA,NA,NA,1,NA,NA,NA
Indian Blackbird,Turdus simillimus,1,NA,1,1,NA,NA,NA
Indian Blue Robin,Larvivora brunnea,NA,NA,1,1,NA,NA,NA
Indian Bushlark,Mirafra erythroptera,1,NA,NA,NA,NA,NA,NA
Indian Cormorant,Phalacrocorax fuscicollis,1,NA,NA,NA,NA,NA,NA
Indian Courser,Cursorius coromandelicus,1,NA,NA,NA,NA,NA,NA
Indian Cuckoo,Cuculus micropterus,1,NA,1,NA,NA,NA,NA
Indian Golden Oriole,Oriolus kundoo,NA,NA,1,1,NA,NA,NA
Indian Grassbird,Graminicola bengalensis,1,NA,NA,NA,NA,NA,NA
Indian Gray Hornbill,Ocyceros birostris,1,NA,NA,NA,NA,NA,NA
Indian Nightjar,Caprimulgus asiaticus,1,NA,NA,NA,NA,NA,NA
Indian Nuthatch,Sitta castanea,1,NA,NA,NA,NA,NA,NA
Indian Paradise-Flycatcher,Terpsiphone paradisi,NA,NA,1,1,NA,NA,NA
Indian Peafowl,Pavo cristatus,1,NA,NA,NA,NA,NA,NA
Indian Pitta,Pitta brachyura,NA,NA,1,1,NA,NA,NA
Indian Pond-Heron,Ardeola grayii,1,NA,NA,NA,NA,NA,NA
Indian Robin,Copsychus fulicatus,1,NA,NA,NA,NA,NA,NA
Indian Roller,Coracias benghalensis,1,NA,NA,NA,NA,NA,NA
Indian Scimitar-Babbler,Pomatorhinus horsfieldii,1,NA,NA,NA,NA,NA,NA
Indian Scops-Owl,Otus bakkamoena,1,NA,NA,NA,NA,NA,NA
Indian Silverbill,Euodice malabarica,1,NA,NA,NA,NA,NA,NA
Indian Skimmer,Rynchops albicollis,1,NA,1,1,NA,NA,NA
Indian Spot-billed Duck,Anas poecilorhyncha,1,NA,NA,NA,NA,NA,NA
Indian Spotted Creeper,Salpornis spilonota,1,NA,NA,NA,NA,NA,NA
Indian Spotted Eagle,Clanga hastata,1,NA,NA,NA,NA,NA,NA
Indian Swiftlet,Aerodramus unicolor,1,NA,NA,NA,NA,NA,NA
Indian Thick-knee,Burhinus indicus,1,NA,NA,NA,NA,NA,NA
Indian Vulture,Gyps indicus,1,NA,NA,NA,NA,NA,NA
Indian White-eye,Zosterops palpebrosus,1,NA,NA,NA,NA,NA,NA
Indian Yellow Tit,Machlolophus aplonotus,1,NA,NA,NA,NA,NA,NA
Indochinese Roller,Coracias affinis,1,NA,NA,NA,NA,NA,NA
Intermediate Egret,Ardea intermedia,1,NA,NA,NA,NA,NA,NA
Isabelline Shrike,Lanius isabellinus,NA,NA,NA,1,NA,NA,NA
Isabelline Wheatear,Oenanthe isabellina,NA,NA,NA,1,NA,NA,NA
Jack Snipe,Lymnocryptes minimus,NA,NA,NA,1,NA,NA,NA
Japanese Quail,Coturnix japonica,NA,NA,NA,1,NA,NA,NA
Japanese Sparrowhawk,Accipiter gularis,NA,NA,NA,1,NA,NA,NA
Javan Pond-Heron,Ardeola speciosa,NA,NA,NA,NA,NA,1,NA
Jerdon's Babbler,Chrysomma altirostre,1,NA,NA,NA,NA,NA,NA
Jerdon's Baza,Aviceda jerdoni,1,NA,NA,NA,NA,NA,NA
Jerdon's Bushchat,Saxicola jerdoni,1,NA,NA,NA,NA,NA,NA
Jerdon's Bushlark,Mirafra affinis,1,NA,NA,NA,NA,NA,NA
Jerdon's Courser,Rhinoptilus bitorquatus,1,NA,NA,NA,NA,NA,NA
Jerdon's Leafbird,Chloropsis jerdoni,1,NA,NA,NA,NA,NA,NA
Jerdon's Nightjar,Caprimulgus atripennis,1,NA,NA,NA,NA,NA,NA
Jouanin's Petrel,Bulweria fallax,NA,NA,NA,NA,NA,1,NA
Jungle Babbler,Turdoides striata,1,NA,NA,NA,NA,NA,NA
Jungle Bush-Quail,Perdicula asiatica,1,NA,NA,NA,NA,NA,NA
Jungle Myna,Acridotheres fuscus,1,NA,NA,NA,NA,NA,NA
Jungle Nightjar,Caprimulgus indicus,1,NA,NA,NA,NA,NA,NA
Jungle Owlet,Glaucidium radiatum,1,NA,NA,NA,NA,NA,NA
Jungle Prinia,Prinia sylvatica,1,NA,NA,NA,NA,NA,NA
Kalij Pheasant,Lophura leucomelanos,1,NA,NA,NA,NA,NA,NA
Kashmir Flycatcher,Ficedula subrubra,NA,NA,1,1,NA,NA,NA
Kashmir Nutcracker,Nucifraga multipunctata,1,1,NA,NA,NA,NA,NA
Kashmir Nuthatch,Sitta cashmirensis,1,1,NA,NA,NA,NA,NA
Kentish Plover,Charadrius alexandrinus,1,NA,1,1,NA,NA,NA
Knob-billed Duck,Sarkidiornis melanotos,1,NA,NA,NA,NA,NA,NA
Koklass Pheasant,Pucrasia macrolopha,1,1,NA,NA,NA,NA,NA
Laggar Falcon,Falco jugger,1,NA,NA,NA,NA,NA,NA
Lanceolated Warbler,Locustella lanceolata,NA,NA,NA,NA,NA,1,NA
Large-billed Crow,Corvus macrorhynchos,1,NA,NA,NA,NA,NA,NA
Large-billed Leaf Warbler,Phylloscopus magnirostris,NA,NA,1,1,NA,NA,1
Large-billed Reed Warbler,Acrocephalus orinus,NA,NA,NA,NA,1,NA,NA
Large-tailed Nightjar,Caprimulgus macrurus,1,NA,NA,NA,NA,NA,NA
Large Blue Flycatcher,Cyornis magnirostris,NA,NA,1,NA,NA,NA,NA
Large Cuckooshrike,Coracina macei,1,NA,NA,NA,NA,NA,NA
Large Gray Babbler,Turdoides malcolmi,1,NA,NA,NA,NA,NA,NA
Large Hawk-Cuckoo,Hierococcyx sparverioides,1,NA,1,1,NA,NA,NA
Large Niltava,Niltava grandis,1,NA,NA,NA,NA,NA,NA
Large Scimitar-Babbler,Megapomatorhinus hypoleucos,1,NA,NA,NA,NA,NA,NA
Large Woodshrike,Tephrodornis virgatus,1,NA,NA,NA,NA,NA,NA
Laughing Dove,Streptopelia senegalensis,1,NA,NA,NA,NA,NA,NA
Legge's Hawk-Eagle,Nisaetus kelaarti,1,NA,NA,NA,NA,NA,NA
Lemon-rumped Warbler,Phylloscopus chloronotus,1,1,NA,NA,NA,NA,NA
Lesser Adjutant,Leptoptilos javanicus,1,NA,NA,NA,NA,NA,NA
Lesser Black-backed Gull,Larus fuscus,NA,NA,NA,1,NA,NA,NA
Lesser Coucal,Centropus bengalensis,1,NA,NA,NA,NA,NA,NA
Lesser Crested Tern,Thalasseus bengalensis,1,NA,NA,NA,NA,NA,NA
Lesser Cuckoo,Cuculus poliocephalus,NA,NA,1,1,NA,NA,NA
Lesser Fish-Eagle,Haliaeetus humilis,1,NA,NA,NA,NA,NA,NA
Lesser Flamingo,Phoeniconaias minor,1,NA,1,1,NA,NA,NA
Lesser Florican,Sypheotides indicus,1,NA,NA,NA,NA,NA,NA
Lesser Frigatebird,Fregata ariel,NA,NA,NA,NA,NA,1,NA
Lesser Gray Shrike,Lanius minor,NA,NA,NA,NA,NA,1,NA
Lesser Kestrel,Falco naumanni,NA,NA,NA,NA,1,NA,NA
Lesser Necklaced Laughingthrush,Garrulax monileger,1,NA,NA,NA,NA,NA,NA
Lesser Noddy,Anous tenuirostris,NA,NA,NA,NA,NA,1,NA
Lesser Racket-tailed Drongo,Dicrurus remifer,1,NA,NA,NA,NA,NA,NA
Lesser Sand-Plover,Charadrius mongolus,NA,NA,1,1,NA,NA,1
Lesser Short-toed Lark,Alaudala rufescens,NA,NA,NA,1,NA,NA,NA
Lesser Shortwing,Brachypteryx leucophris,1,1,NA,NA,NA,NA,NA
Lesser Whistling-Duck,Dendrocygna javanica,1,NA,NA,NA,NA,NA,NA
Lesser White-fronted Goose,Anser erythropus,NA,NA,NA,1,NA,NA,NA
Lesser Whitethroat,Sylvia curruca,NA,NA,1,1,NA,NA,NA
Lesser Yellownape,Picus chlorolophus,1,NA,NA,NA,NA,NA,NA
Lineated Barbet,Psilopogon lineatus,1,NA,NA,NA,NA,NA,NA
Little Bittern,Ixobrychus minutus,NA,NA,1,1,NA,NA,NA
Little Bunting,Emberiza pusilla,NA,NA,NA,NA,NA,NA,NA
Little Bustard,Tetrax tetrax,NA,NA,NA,NA,NA,1,NA
Little Cormorant,Microcarbo niger,1,NA,NA,NA,NA,NA,NA
Little Crake,Zapornia parva,NA,NA,NA,1,NA,NA,NA
Little Egret,Egretta garzetta,1,NA,NA,NA,NA,NA,NA
Little Forktail,Enicurus scouleri,1,1,NA,NA,NA,NA,NA
Little Grebe,Tachybaptus ruficollis,1,NA,NA,NA,NA,NA,NA
Little Gull,Hydrocoloeus minutus,NA,NA,NA,NA,NA,1,NA
Little Owl,Athene noctua,1,NA,NA,NA,NA,NA,NA
Little Pied Flycatcher,Ficedula westermanni,1,1,NA,NA,NA,NA,NA
Little Ringed Plover,Charadrius dubius,1,NA,NA,1,NA,NA,NA
Little Spiderhunter,Arachnothera longirostra,1,NA,NA,NA,NA,NA,NA
Little Stint,Calidris minuta,NA,NA,NA,1,NA,NA,NA
Little Swift,Apus affinis,1,NA,NA,NA,NA,NA,NA
Little Tern,Sternula albifrons,1,NA,1,1,NA,NA,NA
Long-billed Bush Warbler,Locustella major,1,NA,NA,NA,NA,NA,NA
Long-billed Dowitcher,Limnodromus scolopaceus,NA,NA,NA,NA,NA,1,NA
Long-billed Pipit,Anthus similis,1,NA,1,1,NA,NA,NA
Long-billed Plover,Charadrius placidus,NA,NA,NA,1,NA,NA,NA
Long-billed Thrush,Zoothera monticola,1,1,NA,NA,NA,NA,NA
Long-billed Wren-Babbler,Napothera malacoptila,1,NA,NA,NA,NA,NA,NA
Long-eared Owl,Asio otus,NA,NA,NA,1,NA,NA,NA
Long-legged Buzzard,Buteo rufinus,NA,NA,NA,1,NA,NA,NA
Long-tailed Broadbill,Psarisomus dalhousiae,1,1,NA,NA,NA,NA,NA
Long-tailed Duck,Clangula hyemalis,NA,NA,NA,1,NA,NA,NA
Long-tailed Jaeger,Stercorarius longicaudus,NA,NA,NA,NA,1,NA,NA
Long-tailed Minivet,Pericrocotus ethologus,1,1,NA,NA,NA,NA,NA
Long-tailed Parakeet,Psittacula longicauda,1,NA,NA,NA,NA,NA,NA
Long-tailed Shrike,Lanius schach,1,NA,1,1,NA,NA,NA
Long-tailed Sibia,Heterophasia picaoides,1,1,NA,NA,NA,NA,NA
Long-tailed Thrush,Zoothera dixoni,1,1,NA,NA,NA,NA,NA
Long-tailed Wren-Babbler,Spelaeornis chocolatinus,1,NA,NA,NA,NA,NA,NA
Long-toed Stint,Calidris subminuta,NA,NA,NA,1,NA,NA,NA
Loten's Sunbird,Cinnyris lotenius,1,NA,NA,NA,NA,NA,NA
Ludlow's Fulvetta,Fulvetta ludlowi,1,1,NA,NA,NA,NA,NA
Macqueen's Bustard,Chlamydotis macqueenii,NA,NA,NA,1,NA,NA,NA
Malabar Barbet,Psilopogon malabaricus,1,NA,NA,NA,NA,NA,NA
Malabar Gray Hornbill,Ocyceros griseus,1,NA,NA,NA,NA,NA,NA
Malabar Lark,Galerida malabarica,1,NA,NA,NA,NA,NA,NA
Malabar Parakeet,Psittacula columboides,1,NA,NA,NA,NA,NA,NA
Malabar Pied-Hornbill,Anthracoceros coronatus,1,NA,NA,NA,NA,NA,NA
Malabar Starling,Sturnia blythii,1,NA,NA,NA,NA,NA,NA
Malabar Trogon,Harpactes fasciatus,1,NA,NA,NA,NA,NA,NA
Malabar Whistling-Thrush,Myophonus horsfieldii,1,NA,NA,NA,NA,NA,NA
Malabar Woodshrike,Tephrodornis sylvicola,1,NA,NA,NA,NA,NA,NA
Malayan Night-Heron,Gorsachius melanolophus,1,NA,NA,NA,NA,NA,1
Mallard,Anas platyrhynchos,NA,NA,NA,1,NA,NA,NA
Manchurian Bush Warbler,Horornis canturians,NA,NA,NA,NA,NA,1,NA
Mandarin Duck,Aix galericulata,NA,NA,NA,1,NA,NA,NA
Mangrove Pitta,Pitta megarhyncha,1,NA,NA,NA,NA,NA,NA
Mangrove Whistler,Pachycephala cinerea,1,NA,NA,NA,NA,NA,NA
Manipur Bush-Quail,Perdicula manipurensis,1,NA,NA,NA,NA,NA,NA
Marbled Teal,Marmaronetta angustirostris,NA,NA,NA,1,NA,NA,NA
Maroon-backed Accentor,Prunella immaculata,1,1,NA,NA,NA,NA,NA
Maroon Oriole,Oriolus traillii,1,1,NA,NA,NA,NA,NA
Marsh Babbler,Pellorneum palustre,1,NA,NA,NA,NA,NA,NA
Marsh Sandpiper,Tringa stagnatilis,NA,NA,NA,1,NA,NA,NA
Masked Booby,Sula dactylatra,NA,NA,NA,1,NA,1,NA
Masked Finfoot,Heliopais personatus,1,NA,NA,NA,NA,NA,NA
Masked Shrike,Lanius nubicus,NA,NA,NA,NA,NA,1,NA
Merlin,Falco columbarius,NA,NA,NA,1,NA,NA,NA
Mew Gull,Larus canus,NA,NA,NA,NA,NA,1,NA
Mistle Thrush,Turdus viscivorus,1,1,NA,NA,NA,NA,NA
Mongolian Finch,Bucanetes mongolicus,1,1,NA,NA,NA,NA,NA
Montagu's Harrier,Circus pygargus,NA,NA,NA,1,NA,NA,NA
Mottled Wood-Owl,Strix ocellata,1,NA,NA,NA,NA,NA,NA
Mount Victoria Babax,Ianthocincla woodi,1,NA,NA,NA,NA,NA,NA
Mountain Bamboo-Partridge,Bambusicola fytchii,1,NA,NA,NA,NA,NA,NA
Mountain Bulbul,Ixos mcclellandii,1,NA,NA,NA,NA,NA,NA
Mountain Chiffchaff,Phylloscopus sindianus,NA,NA,1,1,NA,NA,NA
Mountain Hawk-Eagle,Nisaetus nipalensis,1,NA,NA,NA,NA,NA,NA
Mountain Imperial-Pigeon,Ducula badia,1,NA,NA,NA,NA,NA,NA
Mountain Scops-Owl,Otus spilocephalus,1,1,NA,NA,NA,NA,NA
Mountain Tailorbird,Phyllergates cucullatus,1,1,NA,NA,NA,NA,NA
Moustached Laughingthrush,Ianthocincla cineracea,1,NA,NA,NA,NA,NA,NA
Moustached Warbler,Acrocephalus melanopogon,NA,NA,NA,1,NA,NA,NA
Mrs. Gould's Sunbird,Aethopyga gouldiae,1,1,NA,NA,NA,NA,NA
Mugimaki Flycatcher,Ficedula mugimaki,NA,NA,NA,NA,NA,1,NA
Mute Swan,Cygnus olor,NA,NA,NA,1,NA,NA,NA
Namaqua Dove,Oena capensis,NA,NA,NA,NA,NA,1,NA
Narcondam Hornbill,Rhyticeros narcondami,1,NA,NA,NA,NA,NA,NA
Naumann's Thrush,Turdus naumanni,NA,NA,NA,1,NA,NA,NA
Nepal Fulvetta,Alcippe nipalensis,1,1,NA,NA,NA,NA,NA
Nepal House-Martin,Delichon nipalense,1,NA,1,1,NA,NA,NA
Nicobar Bulbul,Hypsipetes nicobariensis,1,NA,NA,NA,NA,NA,NA
Nicobar Imperial-Pigeon,Ducula nicobarica,1,NA,NA,NA,NA,NA,NA
Nicobar Jungle-Flycatcher,Cyornis nicobaricus,1,NA,NA,NA,NA,NA,NA
Nicobar Parakeet,Psittacula caniceps,1,NA,NA,NA,NA,NA,NA
Nicobar Pigeon,Caloenas nicobarica,1,NA,NA,NA,NA,NA,NA
Nicobar Scops-Owl,Otus alius,1,NA,NA,NA,NA,NA,NA
Nicobar Scrubfowl,Megapodius nicobariensis,1,NA,NA,NA,NA,NA,NA
Nicobar Serpent-Eagle,Spilornis klossi,1,NA,NA,NA,NA,NA,NA
Nicobar Sparrowhawk,Accipiter butleri,1,NA,NA,NA,NA,NA,NA
Nilgiri Flowerpecker,Dicaeum concolor,1,NA,NA,NA,NA,NA,NA
Nilgiri Flycatcher,Eumyias albicaudatus,1,NA,NA,NA,NA,NA,NA
Nilgiri Laughingthrush,Montecincla cachinnans,1,NA,NA,NA,NA,NA,NA
Nilgiri Pipit,Anthus nilghiriensis,1,NA,NA,NA,NA,NA,NA
Nilgiri Sholakili,Sholicola major,1,NA,NA,NA,NA,NA,NA
Nilgiri Thrush,Zoothera neilgherriensis,1,NA,NA,NA,NA,NA,NA
Nilgiri Wood-Pigeon,Columba elphinstonii,1,NA,NA,NA,NA,NA,NA
Northern Goshawk,Accipiter gentilis,1,1,NA,1,NA,NA,NA
Northern Lapwing,Vanellus vanellus,NA,NA,NA,1,NA,NA,NA
Northern Pintail,Anas acuta,NA,NA,NA,1,NA,NA,NA
Northern Shoveler,Spatula clypeata,NA,NA,NA,1,NA,NA,NA
Northern Wheatear,Oenanthe oenanthe,NA,NA,NA,NA,1,NA,NA
Olive-backed Pipit,Anthus hodgsoni,NA,NA,1,1,NA,NA,1
Olive-backed Sunbird,Cinnyris jugularis,1,NA,NA,NA,NA,NA,NA
Orange-bellied Leafbird,Chloropsis hardwickii,1,1,NA,NA,NA,NA,NA
Orange-breasted Green-Pigeon,Treron bicinctus,1,NA,NA,NA,NA,NA,NA
Orange-headed Thrush,Geokichla citrina,1,NA,1,1,NA,NA,NA
Orange Bullfinch,Pyrrhula aurantiaca,1,NA,NA,NA,NA,NA,NA
Orange Minivet,Pericrocotus flammeus,1,NA,NA,NA,NA,NA,NA
Oriental Bay-Owl,Phodilus badius,1,NA,NA,NA,NA,NA,NA
Oriental Darter,Anhinga melanogaster,1,NA,NA,NA,NA,NA,NA
Oriental Hobby,Falco severus,1,NA,1,NA,NA,NA,NA
Oriental Honey-buzzard,Pernis ptilorhynchus,1,NA,NA,NA,NA,NA,NA
Oriental Magpie-Robin,Copsychus saularis,1,NA,NA,NA,NA,NA,NA
Oriental Pied-Hornbill,Anthracoceros albirostris,1,NA,NA,NA,NA,NA,NA
Oriental Plover,Charadrius veredus,NA,NA,NA,NA,NA,1,NA
Oriental Pratincole,Glareola maldivarum,1,NA,1,1,NA,NA,NA
Oriental Reed Warbler,Acrocephalus orientalis,NA,NA,NA,1,NA,NA,NA
Oriental Scops-Owl,Otus sunia,1,NA,NA,NA,NA,NA,NA
Oriental Skylark,Alauda gulgula,1,NA,NA,NA,NA,NA,NA
Oriental Turtle-Dove,Streptopelia orientalis,1,NA,1,1,NA,NA,NA
Ortolan Bunting,Emberiza hortulana,NA,NA,NA,NA,NA,1,NA
Osprey,Pandion haliaetus,NA,NA,NA,1,NA,NA,NA
Pacific Golden-Plover,Pluvialis fulva,NA,NA,NA,1,NA,NA,NA
Pacific Reef-Heron,Egretta sacra,1,NA,NA,NA,NA,NA,NA
Pacific Swallow,Hirundo tahitica,1,NA,NA,NA,NA,NA,NA
Pacific Swift,Apus pacificus,NA,NA,NA,NA,NA,1,NA
Paddyfield Pipit,Anthus rufulus,1,NA,NA,NA,NA,NA,NA
Paddyfield Warbler,Acrocephalus agricola,NA,NA,NA,1,NA,NA,NA
Painted Bush-Quail,Perdicula erythrorhyncha,1,NA,NA,NA,NA,NA,NA
Painted Francolin,Francolinus pictus,1,NA,NA,NA,NA,NA,NA
Painted Sandgrouse,Pterocles indicus,1,NA,NA,NA,NA,NA,NA
Painted Spurfowl,Galloperdix lunulata,1,NA,NA,NA,NA,NA,NA
Painted Stork,Mycteria leucocephala,1,NA,NA,NA,NA,NA,NA
Palani Laughingthrush,Montecincla fairbanki,1,NA,NA,NA,NA,NA,NA
Pale-billed Flowerpecker,Dicaeum erythrorhynchos,1,NA,NA,NA,NA,NA,NA
Pale-billed Parrotbill,Chleuasicus atrosuperciliaris,1,NA,NA,NA,NA,NA,NA
Pale-capped Pigeon,Columba punicea,1,NA,NA,NA,NA,NA,NA
Pale-chinned Blue Flycatcher,Cyornis poliogenys,1,NA,NA,NA,NA,NA,NA
Pale-footed Bush Warbler,Urosphena pallidipes,1,NA,NA,NA,NA,NA,NA
Pale-headed Woodpecker,Gecinulus grantia,1,NA,NA,NA,NA,NA,NA
Pale-legged Leaf Warbler,Phylloscopus tenellipes,NA,NA,NA,NA,NA,1,NA
Pale Blue Flycatcher,Cyornis unicolor,1,1,NA,NA,NA,NA,NA
Pale Rockfinch,Carpospiza brachydactyla,NA,NA,NA,NA,NA,1,NA
Pale Rosefinch,Carpodacus stoliczkae,1,NA,NA,NA,NA,1,NA
Pale Sand Martin,Riparia diluta,NA,NA,1,1,NA,NA,NA
Pallas's Fish-Eagle,Haliaeetus leucoryphus,1,NA,NA,1,NA,NA,NA
Pallas's Grasshopper-Warbler,Locustella certhiola,NA,NA,NA,1,NA,NA,NA
Pallas's Gull,Ichthyaetus ichthyaetus,NA,NA,NA,1,NA,NA,NA
Pallas's Sandgrouse,Syrrhaptes paradoxus,NA,NA,NA,NA,NA,1,NA
Pallid Harrier,Circus macrourus,NA,NA,NA,1,NA,NA,NA
Pallid Scops-Owl,Otus brucei,NA,NA,NA,1,NA,NA,NA
Parasitic Jaeger,Stercorarius parasiticus,NA,NA,NA,1,NA,NA,NA
Pectoral Sandpiper,Calidris melanotos,NA,NA,NA,NA,NA,1,NA
Peregrine Falcon,Falco peregrinus,1,NA,NA,1,NA,NA,NA
Persian Shearwater,Puffinus persicus,NA,NA,NA,NA,NA,1,NA
Persian Wheatear,Oenanthe chrysopygia,NA,NA,NA,1,NA,NA,NA
Pheasant-tailed Jacana,Hydrophasianus chirurgus,1,NA,NA,NA,NA,NA,NA
Pied Avocet,Recurvirostra avosetta,NA,NA,NA,1,NA,NA,NA
Pied Bushchat,Saxicola caprata,1,NA,1,NA,NA,NA,NA
Pied Crow,Corvus albus,NA,NA,NA,NA,NA,1,NA
Pied Cuckoo,Clamator jacobinus,1,NA,1,NA,NA,NA,NA
Pied Falconet,Microhierax melanoleucos,1,NA,NA,NA,NA,NA,NA
Pied Harrier,Circus melanoleucos,NA,NA,NA,1,NA,NA,NA
Pied Imperial-Pigeon,Ducula bicolor,1,NA,NA,NA,NA,NA,NA
Pied Kingfisher,Ceryle rudis,1,NA,NA,NA,NA,NA,NA
Pied Thrush,Geokichla wardii,NA,NA,1,1,NA,NA,NA
Pied Triller,Lalage nigra,1,NA,NA,NA,NA,NA,NA
Pied Wheatear,Oenanthe pleschanka,NA,NA,1,NA,NA,NA,NA
Pin-striped Tit-Babbler,Mixornis gularis,1,NA,NA,NA,NA,NA,NA
Pin-tailed Green-Pigeon,Treron apicauda,1,NA,NA,NA,NA,NA,NA
Pin-tailed Sandgrouse,Pterocles alchata,NA,NA,NA,1,NA,NA,NA
Pin-tailed Snipe,Gallinago stenura,NA,NA,NA,1,NA,NA,NA
Pine Bunting,Emberiza leucocephalos,NA,NA,NA,1,NA,NA,NA
Pink-browed Rosefinch,Carpodacus rodochroa,1,1,NA,NA,NA,NA,NA
Pink-headed Duck,Rhodonessa caryophyllacea,1,NA,NA,NA,NA,NA,NA
Pink-rumped Rosefinch,Carpodacus waltoni,NA,NA,NA,NA,NA,1,NA
Plain Flowerpecker,Dicaeum minullum,1,NA,NA,NA,NA,NA,NA
Plain Leaf Warbler,Phylloscopus neglectus,NA,NA,NA,1,NA,NA,NA
Plain Mountain-Finch,Leucosticte nemoricola,1,1,NA,NA,NA,NA,NA
Plain Prinia,Prinia inornata,1,NA,NA,NA,NA,NA,NA
Plaintive Cuckoo,Cacomantis merulinus,1,NA,NA,1,NA,NA,NA
Plum-headed Parakeet,Psittacula cyanocephala,1,NA,NA,NA,NA,NA,NA
Plumbeous Redstart,Phoenicurus fuliginosus,1,1,NA,NA,NA,NA,NA
Plume-toed Swiftlet,Collocalia affinis,1,NA,NA,NA,NA,NA,NA
Pomarine Jaeger,Stercorarius pomarinus,NA,NA,NA,1,NA,NA,NA
Puff-throated Babbler,Pellorneum ruficeps,1,NA,NA,NA,NA,NA,NA
Purple-rumped Sunbird,Leptocoma zeylonica,1,NA,NA,NA,NA,NA,NA
Purple Cochoa,Cochoa purpurea,1,NA,1,1,NA,NA,NA
Purple Heron,Ardea purpurea,1,NA,NA,NA,NA,NA,NA
Purple Sunbird,Cinnyris asiaticus,1,NA,NA,NA,NA,NA,NA
Pygmy Cupwing,Pnoepyga pusilla,1,1,NA,NA,NA,NA,NA
Pygmy Flycatcher,Ficedula hodgsoni,1,1,NA,NA,NA,NA,NA
Rain Quail,Coturnix coromandelica,1,NA,NA,NA,NA,NA,NA
Red-backed Shrike,Lanius collurio,NA,NA,NA,NA,1,NA,NA
Red-billed Blue-Magpie,Urocissa erythroryncha,1,1,NA,NA,NA,NA,NA
Red-billed Chough,Pyrrhocorax pyrrhocorax,1,1,NA,NA,NA,NA,NA
Red-billed Leiothrix,Leiothrix lutea,1,1,NA,NA,NA,NA,NA
Red-billed Scimitar-Babbler,Pomatorhinus ochraceiceps,1,NA,NA,NA,NA,NA,NA
Red-billed Starling,Spodiopsar sericeus,NA,NA,NA,NA,NA,1,NA
Red-billed Tropicbird,Phaethon aethereus,NA,NA,NA,1,NA,1,NA
Red-breasted Flycatcher,Ficedula parva,NA,NA,NA,1,NA,NA,NA
Red-breasted Goose,Branta ruficollis,NA,NA,NA,1,NA,NA,NA
Red-breasted Merganser,Mergus serrator,NA,NA,NA,1,NA,NA,NA
Red-breasted Parakeet,Psittacula alexandri,1,NA,NA,NA,NA,NA,NA
Red-crested Pochard,Netta rufina,NA,NA,NA,1,NA,NA,NA
Red-faced Liocichla,Liocichla phoenicea,1,NA,NA,NA,NA,NA,NA
Red-flanked Bluetail,Tarsiger cyanurus,NA,NA,NA,NA,NA,1,NA
Red-footed Booby,Sula sula,NA,NA,NA,1,NA,1,NA
Red-footed Falcon,Falco vespertinus,NA,NA,NA,NA,NA,1,NA
Red-fronted Rosefinch,Carpodacus puniceus,1,1,NA,NA,NA,NA,NA
Red-headed Bullfinch,Pyrrhula erythrocephala,1,1,NA,NA,NA,NA,NA
Red-headed Bunting,Emberiza bruniceps,NA,NA,NA,1,NA,NA,NA
Red-headed Trogon,Harpactes erythrocephalus,1,NA,NA,NA,NA,NA,NA
Red-headed Vulture,Sarcogyps calvus,1,NA,NA,NA,NA,NA,NA
Red-naped Ibis,Pseudibis papillosa,1,NA,NA,NA,NA,NA,NA
Red-necked Falcon,Falco chicquera,1,NA,NA,NA,NA,NA,NA
Red-necked Grebe,Podiceps grisegena,NA,NA,NA,NA,NA,1,NA
Red-necked Phalarope,Phalaropus lobatus,NA,NA,NA,1,NA,NA,NA
Red-necked Stint,Calidris ruficollis,NA,NA,NA,1,NA,NA,NA
Red-rumped Swallow,Cecropis daurica,1,NA,NA,1,NA,NA,NA
Red-tailed Minla,Minla ignotincta,1,1,NA,NA,NA,NA,NA
Red-tailed Shrike,Lanius phoenicuroides,NA,NA,NA,NA,1,NA,NA
Red-tailed Tropicbird,Phaethon rubricauda,NA,NA,NA,NA,NA,NA,NA
Red-throated Loon,Gavia stellata,NA,NA,NA,NA,NA,1,NA
Red-throated Pipit,Anthus cervinus,NA,NA,NA,1,NA,NA,NA
Red-throated Thrush,Turdus ruficollis,NA,NA,NA,1,NA,NA,NA
Red-vented Bulbul,Pycnonotus cafer,1,NA,NA,NA,NA,NA,NA
Red-wattled Lapwing,Vanellus indicus,1,NA,NA,NA,NA,NA,NA
Red-whiskered Bulbul,Pycnonotus jocosus,1,NA,NA,NA,NA,NA,NA
Red Avadavat,Amandava amandava,1,NA,NA,NA,NA,NA,NA
Red Collared-Dove,Streptopelia tranquebarica,1,NA,NA,NA,NA,NA,NA
Red Crossbill,Loxia curvirostra,1,1,NA,NA,NA,NA,NA
Red Junglefowl,Gallus gallus,1,NA,NA,NA,NA,NA,NA
Red Kite,Milvus milvus,NA,NA,NA,NA,NA,1,NA
Red Knot,Calidris canutus,NA,NA,NA,1,NA,NA,NA
Red Phalarope,Phalaropus fulicarius,NA,NA,NA,NA,1,NA,NA
Red Spurfowl,Galloperdix spadicea,1,NA,NA,NA,NA,NA,NA
Reed Bunting,Emberiza schoeniclus,NA,NA,NA,1,NA,NA,NA
Richard's Pipit,Anthus richardi,NA,NA,NA,1,NA,NA,NA
River Lapwing,Vanellus duvaucelii,1,NA,NA,NA,NA,NA,NA
River Tern,Sterna aurantia,1,NA,NA,NA,NA,NA,NA
Robin Accentor,Prunella rubeculoides,1,1,NA,NA,NA,NA,NA
Rock Bunting,Emberiza cia,1,1,NA,NA,NA,NA,NA
Rock Bush-Quail,Perdicula argoondah,1,NA,NA,NA,NA,NA,NA
Rock Eagle-Owl,Bubo bengalensis,1,NA,NA,NA,NA,NA,NA
Rock Pigeon,Columba livia,1,NA,NA,NA,NA,NA,NA
Rock Sparrow,Petronia petronia,NA,NA,NA,NA,NA,1,NA
Rook,Corvus frugilegus,NA,NA,NA,1,NA,NA,NA
Rose-ringed Parakeet,Psittacula krameri,1,NA,NA,NA,NA,NA,NA
Roseate Tern,Sterna dougallii,1,NA,1,NA,NA,NA,1
Rosy Minivet,Pericrocotus roseus,1,NA,1,1,NA,NA,NA
Rosy Pipit,Anthus roseatus,NA,NA,1,1,NA,NA,NA
Rosy Starling,Pastor roseus,NA,NA,NA,1,NA,NA,NA
Ruby-cheeked Sunbird,Chalcoparia singalensis,1,NA,NA,NA,NA,NA,NA
Ruddy-breasted Crake,Zapornia fusca,1,NA,NA,NA,NA,NA,NA
Ruddy Kingfisher,Halcyon coromanda,1,NA,1,NA,NA,NA,NA
Ruddy Shelduck,Tadorna ferruginea,NA,NA,1,1,NA,NA,1
Ruddy Turnstone,Arenaria interpres,NA,NA,NA,1,NA,NA,NA
Rufescent Prinia,Prinia rufescens,1,NA,NA,NA,NA,NA,NA
Ruff,Calidris pugnax,NA,NA,NA,1,NA,NA,NA
Rufous-backed Dwarf-Kingfisher,Ceyx rufidorsa,NA,NA,NA,NA,NA,1,NA
Rufous-backed Redstart,Phoenicurus erythronotus,NA,NA,NA,1,NA,NA,NA
Rufous-backed Sibia,Minla annectens,1,1,NA,NA,NA,NA,NA
Rufous-bellied Eagle,Lophotriorchis kienerii,1,NA,NA,NA,NA,NA,NA
Rufous-bellied Niltava,Niltava sundara,1,1,NA,NA,NA,NA,NA
Rufous-bellied Woodpecker,Dendrocopos hyperythrus,1,1,NA,NA,NA,NA,NA
Rufous-breasted Accentor,Prunella strophiata,1,1,NA,NA,NA,NA,NA
Rufous-breasted Bush-Robin,Tarsiger hyperythrus,1,1,NA,NA,NA,NA,NA
Rufous-capped Babbler,Cyanoderma ruficeps,1,1,NA,NA,NA,NA,NA
Rufous-chinned Laughingthrush,Ianthocincla rufogularis,1,NA,NA,NA,NA,NA,NA
Rufous-faced Warbler,Abroscopus albogularis,1,1,NA,NA,NA,NA,NA
Rufous-fronted Prinia,Prinia buchanani,1,NA,NA,NA,NA,NA,NA
Rufous-gorgeted Flycatcher,Ficedula strophiata,1,1,NA,NA,NA,NA,NA
Rufous-headed Parrotbill,Psittiparus bakeri,1,NA,NA,NA,NA,NA,NA
Rufous-naped Tit,Periparus rufonuchalis,1,1,NA,NA,NA,NA,NA
Rufous-necked Hornbill,Aceros nipalensis,1,NA,NA,NA,NA,NA,NA
Rufous-necked Laughingthrush,Ianthocincla ruficollis,1,NA,NA,NA,NA,NA,NA
Rufous-necked Snowfinch,Montifringilla ruficollis,1,NA,NA,NA,NA,NA,NA
Rufous-tailed Lark,Ammomanes phoenicura,1,NA,NA,NA,NA,NA,NA
Rufous-tailed Rock-Thrush,Monticola saxatilis,NA,NA,NA,NA,1,NA,NA
Rufous-tailed Scrub-Robin,Cercotrichas galactotes,NA,NA,NA,NA,1,NA,NA
Rufous-throated Fulvetta,Schoeniparus rufogularis,1,NA,NA,NA,NA,NA,NA
Rufous-throated Partridge,Arborophila rufogularis,1,NA,NA,NA,NA,NA,NA
Rufous-throated Wren-Babbler,Spelaeornis caudatus,1,1,NA,NA,NA,NA,NA
Rufous-vented Grass Babbler,Laticilla burnesii,1,NA,NA,NA,NA,NA,NA
Rufous-vented Laughingthrush,Ianthocincla gularis,1,NA,NA,NA,NA,NA,NA
Rufous-vented Tit,Periparus rubidiventris,1,1,NA,NA,NA,NA,NA
Rufous-vented Yuhina,Yuhina occipitalis,1,1,NA,NA,NA,NA,NA
Rufous-winged Fulvetta,Schoeniparus castaneceps,1,NA,NA,NA,NA,NA,NA
Rufous Babbler,Turdoides subrufa,1,NA,NA,NA,NA,NA,NA
Rufous Sibia,Heterophasia capistrata,1,1,NA,NA,NA,NA,NA
Rufous Treepie,Dendrocitta vagabunda,1,NA,NA,NA,NA,NA,NA
Rufous Woodpecker,Micropternus brachyurus,1,NA,NA,NA,NA,NA,NA
Russet Bush Warbler,Locustella mandelli,1,1,NA,NA,NA,NA,NA
Russet Sparrow,Passer cinnamomeus,1,1,NA,NA,NA,NA,NA
Rustic Bunting,Emberiza rustica,NA,NA,NA,1,NA,1,NA
Rusty-bellied Shortwing,Brachypteryx hyperythra,1,1,NA,NA,NA,NA,NA
Rusty-capped Fulvetta,Schoeniparus dubius,1,NA,NA,NA,NA,NA,NA
Rusty-cheeked Scimitar-Babbler,Megapomatorhinus erythrogenys,1,NA,NA,NA,NA,NA,NA
Rusty-flanked Treecreeper,Certhia nipalensis,1,1,NA,NA,NA,NA,NA
Rusty-fronted Barwing,Actinodura egertoni,1,NA,NA,NA,NA,NA,NA
Rusty-tailed Flycatcher,Ficedula ruficauda,NA,NA,1,1,NA,NA,NA
Rusty-throated Wren-Babbler,Spelaeornis badeigularis,1,1,NA,NA,NA,NA,NA
Sabine's Gull,Xema sabini,NA,NA,NA,NA,NA,1,NA
Saker Falcon,Falco cherrug,1,NA,NA,NA,NA,NA,NA
Sand Lark,Alaudala raytal,1,NA,NA,NA,NA,NA,NA
Sanderling,Calidris alba,NA,NA,NA,1,NA,NA,NA
Sandwich Tern,Thalasseus sandvicensis,NA,NA,NA,1,NA,1,NA
Sapphire Flycatcher,Ficedula sapphira,1,1,NA,NA,NA,NA,NA
Sarus Crane,Antigone antigone,1,NA,NA,NA,NA,NA,NA
Satyr Tragopan,Tragopan satyra,1,1,NA,NA,NA,NA,NA
Saunders's Tern,Sternula saundersi,NA,NA,1,1,NA,NA,1
Savanna Nightjar,Caprimulgus affinis,1,NA,NA,NA,NA,NA,NA
Scaly-bellied Woodpecker,Picus squamatus,1,1,NA,NA,NA,NA,NA
Scaly-breasted Cupwing,Pnoepyga albiventer,1,1,NA,NA,NA,NA,NA
Scaly-breasted Munia,Lonchura punctulata,1,NA,NA,NA,NA,NA,NA
Scaly Laughingthrush,Trochalopteron subunicolor,1,1,NA,NA,NA,NA,NA
Scaly Thrush,Zoothera dauma,1,1,NA,NA,NA,NA,NA
Scarlet-backed Flowerpecker,Dicaeum cruentatum,1,1,NA,NA,NA,NA,NA
Scarlet Finch,Carpodacus sipahi,1,1,NA,NA,NA,NA,NA
Scarlet Minivet,Pericrocotus speciosus,1,1,NA,NA,NA,NA,NA
Sclater's Monal,Lophophorus sclateri,1,1,NA,NA,NA,NA,NA
Sedge Warbler,Acrocephalus schoenobaenus,NA,NA,NA,NA,NA,1,NA
Sharp-tailed Sandpiper,Calidris acuminata,NA,NA,NA,NA,NA,1,NA
Shikra,Accipiter badius,1,NA,NA,NA,NA,NA,NA
Short-billed Minivet,Pericrocotus brevirostris,1,1,NA,NA,NA,NA,NA
Short-eared Owl,Asio flammeus,NA,NA,NA,1,NA,NA,NA
Short-tailed Shearwater,Ardenna tenuirostris,NA,NA,NA,NA,NA,1,NA
Short-toed Snake-Eagle,Circaetus gallicus,1,NA,NA,NA,NA,NA,NA
Siberian Blue Robin,Larvivora cyane,NA,NA,NA,NA,NA,1,NA
Siberian Crane,Leucogeranus leucogeranus,NA,NA,NA,1,NA,NA,NA
Siberian Rubythroat,Calliope calliope,NA,NA,NA,1,NA,NA,NA
Siberian Stonechat,Saxicola maurus,NA,NA,1,1,NA,NA,1
Siberian Thrush,Geokichla sibirica,NA,NA,NA,NA,NA,1,NA
Sikkim Treecreeper,Certhia discolor,1,1,NA,NA,NA,NA,NA
Sillem's Rosefinch,Carpodacus sillemi,NA,NA,NA,NA,NA,1,NA
Silver-backed Needletail,Hirundapus cochinchinensis,NA,NA,1,NA,NA,NA,NA
Silver-breasted Broadbill,Serilophus lunatus,1,NA,NA,NA,NA,NA,NA
Silver-eared Mesia,Leiothrix argentauris,1,NA,NA,NA,NA,NA,NA
Sind Sparrow,Passer pyrrhonotus,1,NA,NA,NA,NA,NA,NA
Sind Woodpecker,Dendrocopos assimilis,1,NA,NA,NA,NA,NA,NA
Singing Bushlark,Mirafra cantillans,1,NA,NA,NA,NA,NA,NA
Sirkeer Malkoha,Taccocua leschenaultii,1,NA,NA,NA,NA,NA,NA
Slaty-backed Flycatcher,Ficedula erithacus,1,1,NA,NA,NA,NA,NA
Slaty-backed Forktail,Enicurus schistaceus,1,1,NA,NA,NA,NA,NA
Slaty-bellied Tesia,Tesia olivea,1,1,NA,NA,NA,NA,NA
Slaty-blue Flycatcher,Ficedula tricolor,1,1,NA,NA,NA,NA,NA
Slaty-breasted Rail,Lewinia striata,1,NA,NA,NA,NA,NA,NA
Slaty-headed Parakeet,Psittacula himalayana,1,1,NA,NA,NA,NA,NA
Slaty-legged Crake,Rallina eurizonoides,1,NA,NA,NA,NA,NA,NA
Slender-billed Babbler,Turdoides longirostris,1,NA,NA,NA,NA,NA,NA
Slender-billed Gull,Chroicocephalus genei,1,NA,NA,NA,NA,NA,NA
Slender-billed Oriole,Oriolus tenuirostris,1,NA,1,NA,NA,NA,NA
Slender-billed Scimitar-Babbler,Pomatorhinus superciliaris,1,1,NA,NA,NA,NA,NA
Slender-billed Vulture,Gyps tenuirostris,1,NA,NA,NA,NA,NA,NA
Small Buttonquail,Turnix sylvaticus,NA,NA,1,1,NA,NA,NA
Small Minivet,Pericrocotus cinnamomeus,1,NA,NA,NA,NA,NA,NA
Small Niltava,Niltava macgrigoriae,1,1,NA,NA,NA,NA,NA
Small Pratincole,Glareola lactea,1,NA,NA,NA,NA,NA,NA
Smew,Mergellus albellus,NA,NA,NA,1,NA,NA,NA
Smoky Warbler,Phylloscopus fuligiventer,NA,NA,1,1,NA,NA,1
Snow Partridge,Lerwa lerwa,1,1,NA,NA,NA,NA,NA
Snow Pigeon,Columba leuconota,1,NA,NA,NA,NA,NA,NA
Snowy-browed Flycatcher,Ficedula hyperythra,1,1,NA,NA,NA,NA,NA
Snowy-throated Babbler,Stachyris oglei,1,NA,NA,NA,NA,NA,NA
Sociable Lapwing,Vanellus gregarius,NA,NA,NA,1,NA,NA,NA
Solitary Snipe,Gallinago solitaria,NA,NA,NA,1,NA,NA,NA
Song Thrush,Turdus philomelos,NA,NA,NA,NA,NA,1,NA
Sooty Gull,Ichthyaetus hemprichii,NA,NA,NA,NA,NA,1,NA
Sooty Tern,Onychoprion fuscatus,1,NA,NA,1,NA,NA,NA
South Polar Skua,Stercorarius maccormicki,NA,NA,1,NA,NA,1,NA
Southern Hill Myna,Gracula indica,1,NA,NA,NA,NA,NA,NA
Spanish Sparrow,Passer hispaniolensis,NA,NA,NA,1,NA,NA,NA
Speckled Piculet,Picumnus innominatus,1,NA,NA,NA,NA,NA,NA
Speckled Wood-Pigeon,Columba hodgsonii,1,NA,NA,NA,NA,NA,NA
Spectacled Finch,Callacanthis burtoni,1,1,NA,NA,NA,NA,NA
Spoon-billed Sandpiper,Calidris pygmaea,NA,NA,NA,NA,NA,1,NA
Spot-bellied Eagle-Owl,Bubo nipalensis,1,NA,NA,NA,NA,NA,NA
Spot-billed Pelican,Pelecanus philippensis,1,NA,NA,NA,NA,NA,NA
Spot-breasted Fantail,Rhipidura albogularis,1,NA,NA,NA,NA,NA,NA
Spot-breasted Laughingthrush,Garrulax merulinus,1,NA,NA,NA,NA,NA,NA
Spot-breasted Parrotbill,Paradoxornis guttaticollis,1,NA,NA,NA,NA,NA,NA
Spot-breasted Scimitar-Babbler,Megapomatorhinus mcclellandi,1,NA,NA,NA,NA,NA,NA
Spot-throated Babbler,Pellorneum albiventre,1,NA,NA,NA,NA,NA,NA
Spot-winged Grosbeak,Mycerobas melanozanthos,1,1,NA,NA,NA,NA,NA
Spot-winged Rosefinch,Carpodacus rodopeplus,1,1,NA,NA,NA,NA,NA
Spot-winged Starling,Saroglossa spilopterus,NA,NA,1,1,NA,NA,NA
Spotted Bush Warbler,Locustella thoracica,1,1,NA,NA,NA,NA,NA
Spotted Crake,Porzana porzana,NA,NA,NA,1,NA,NA,NA
Spotted Dove,Streptopelia chinensis,1,NA,NA,NA,NA,NA,NA
Spotted Elachura,Elachura formosa,1,1,NA,NA,NA,NA,NA
Spotted Flycatcher,Muscicapa striata,NA,NA,NA,NA,1,NA,NA
Spotted Forktail,Enicurus maculatus,1,1,NA,NA,NA,NA,NA
Spotted Laughingthrush,Ianthocincla ocellata,1,1,NA,NA,NA,NA,NA
Spotted Owlet,Athene brama,1,NA,NA,NA,NA,NA,NA
Spotted Redshank,Tringa erythropus,NA,NA,NA,1,NA,NA,NA
Spotted Sandgrouse,Pterocles senegallus,NA,NA,NA,1,NA,NA,NA
Square-tailed Bulbul,Hypsipetes ganeesa,1,NA,NA,NA,NA,NA,NA
Square-tailed Drongo-Cuckoo,Surniculus lugubris,NA,NA,1,NA,NA,NA,NA
Sri Lanka Bay-Owl,Phodilus assimilis,1,NA,NA,NA,NA,NA,NA
Sri Lanka Frogmouth,Batrachostomus moniliger,1,NA,NA,NA,NA,NA,NA
Steppe Eagle,Aquila nipalensis,NA,NA,NA,1,NA,NA,NA
Stork-billed Kingfisher,Pelargopsis capensis,1,NA,NA,NA,NA,NA,NA
Streak-breasted Scimitar-Babbler,Pomatorhinus ruficollis,1,NA,NA,NA,NA,NA,NA
Streak-throated Barwing,Actinodura waldeni,1,NA,NA,NA,NA,NA,NA
Streak-throated Fulvetta,Fulvetta manipurensis,1,NA,NA,NA,NA,NA,NA
Streak-throated Swallow,Petrochelidon fluvicola,1,NA,NA,NA,NA,NA,NA
Streak-throated Woodpecker,Picus xanthopygaeus,1,NA,NA,NA,NA,NA,NA
Streaked Laughingthrush,Trochalopteron lineatum,1,1,NA,NA,NA,NA,NA
Streaked Rosefinch,Carpodacus rubicilloides,1,1,NA,NA,NA,NA,NA
Streaked Shearwater,Calonectris leucomelas,NA,NA,NA,NA,NA,1,NA
Streaked Spiderhunter,Arachnothera magna,1,NA,NA,NA,NA,NA,NA
Streaked Weaver,Ploceus manyar,1,NA,NA,NA,NA,NA,NA
Streaked Wren-Babbler,Turdinus brevicaudatus,1,NA,NA,NA,NA,NA,NA
Striated Babbler,Turdoides earlei,1,NA,NA,NA,NA,NA,NA
Striated Bulbul,Pycnonotus striatus,1,1,NA,NA,NA,NA,NA
Striated Grassbird,Megalurus palustris,1,NA,NA,NA,NA,NA,NA
Striated Heron,Butorides striata,1,NA,NA,NA,NA,NA,NA
Striated Laughingthrush,Grammatoptila striata,1,NA,NA,NA,NA,NA,NA
Striated Prinia,Prinia crinigera,1,1,NA,NA,NA,NA,NA
Striated Swallow,Cecropis striolata,1,NA,NA,NA,NA,NA,NA
Striated Yuhina,Yuhina castaniceps,1,NA,NA,NA,NA,NA,NA
Striolated Bunting,Emberiza striolata,1,NA,NA,1,NA,NA,NA
Stripe-breasted Woodpecker,Dendrocopos atratus,1,NA,NA,NA,NA,NA,NA
Stripe-throated Yuhina,Yuhina gularis,1,1,NA,NA,NA,NA,NA
Striped Laughingthrush,Trochalopteron virgatum,1,NA,NA,NA,NA,NA,NA
Sulphur-bellied Warbler,Phylloscopus griseolus,NA,NA,1,1,NA,NA,NA
Sultan Tit,Melanochlora sultanea,1,1,NA,NA,NA,NA,NA
Swamp Francolin,Francolinus gularis,1,NA,NA,NA,NA,NA,NA
Swamp Grass Babbler,Laticilla cinerascens,1,NA,NA,NA,NA,NA,NA
Swinhoe's Snipe,Gallinago megala,NA,NA,NA,1,NA,NA,NA
Swinhoe's Storm-Petrel,Oceanodroma monorhis,NA,NA,NA,1,NA,1,NA
Sykes's Nightjar,Caprimulgus mahrattensis,1,NA,NA,1,NA,NA,NA
Sykes's Short-toed Lark,Calandrella dukhunensis,NA,NA,NA,1,NA,NA,NA
Sykes's Warbler,Iduna rama,NA,NA,NA,1,NA,NA,NA
Taiga Bean-Goose,Anser fabalis,NA,NA,NA,1,NA,NA,NA
Taiga Flycatcher,Ficedula albicilla,NA,NA,NA,1,NA,NA,NA
Tawny-bellied Babbler,Dumetia hyperythra,1,NA,NA,NA,NA,NA,NA
Tawny-breasted Wren-Babbler,Spelaeornis longicaudatus,1,NA,NA,NA,NA,NA,NA
Tawny Eagle,Aquila rapax,1,NA,NA,NA,NA,NA,NA
Tawny Fish-Owl,Ketupa flavipes,1,NA,NA,NA,NA,NA,NA
Tawny Lark,Galerida deva,1,NA,NA,NA,NA,NA,NA
Tawny Owl,Strix aluco,1,1,NA,NA,NA,NA,NA
Tawny Pipit,Anthus campestris,NA,NA,NA,1,NA,NA,NA
Temminck's Stint,Calidris temminckii,NA,NA,NA,1,NA,NA,NA
Temminck's Tragopan,Tragopan temminckii,1,1,NA,NA,NA,NA,NA
Terek Sandpiper,Xenus cinereus,NA,NA,NA,1,NA,NA,NA
Thick-billed Flowerpecker,Dicaeum agile,1,NA,NA,NA,NA,NA,NA
Thick-billed Green-Pigeon,Treron curvirostra,1,NA,NA,NA,NA,NA,NA
Thick-billed Warbler,Arundinax aedon,NA,NA,NA,1,NA,NA,NA
Tibetan Blackbird,Turdus maximus,NA,NA,1,1,NA,NA,NA
Tibetan Lark,Melanocorypha maxima,1,NA,NA,NA,NA,NA,NA
Tibetan Partridge,Perdix hodgsoniae,1,1,NA,NA,NA,NA,NA
Tibetan Sandgrouse,Syrrhaptes tibetanus,1,NA,NA,NA,NA,NA,NA
Tibetan Serin,Spinus thibetanus,NA,NA,NA,1,NA,NA,NA
Tibetan Snowcock,Tetraogallus tibetanus,1,1,NA,NA,NA,NA,NA
Tickell's Blue Flycatcher,Cyornis tickelliae,1,NA,NA,NA,NA,NA,NA
Tickell's Leaf Warbler,Phylloscopus affinis,NA,NA,1,1,NA,NA,NA
Tickell's Thrush,Turdus unicolor,NA,NA,1,1,NA,NA,NA
Tree Pipit,Anthus trivialis,NA,NA,1,1,NA,NA,1
Tricolored Munia,Lonchura malacca,1,NA,NA,NA,NA,NA,NA
Tristram's Bunting,Emberiza tristrami,NA,NA,NA,NA,NA,1,NA
Tropical Shearwater,Puffinus bailloni,NA,NA,NA,NA,NA,1,NA
Trumpeter Finch,Bucanetes githagineus,NA,NA,NA,1,NA,NA,NA
Tufted Duck,Aythya fuligula,NA,NA,NA,1,NA,NA,NA
Tundra Bean-Goose,Anser serrirostris,NA,NA,NA,1,NA,NA,NA
Tundra Swan,Cygnus columbianus,NA,NA,NA,1,NA,NA,NA
Twite,Linaria flavirostris,1,1,NA,NA,NA,NA,NA
Two-barred Warbler,Phylloscopus plumbeitarsus,NA,NA,NA,NA,NA,1,NA
Tytler's Leaf Warbler,Phylloscopus tytleri,NA,NA,1,1,NA,NA,NA
Ultramarine Flycatcher,Ficedula superciliaris,NA,NA,1,1,NA,NA,NA
Upland Buzzard,Buteo hemilasius,1,1,NA,NA,NA,NA,NA
Upland Pipit,Anthus sylvanus,1,1,NA,NA,NA,NA,NA
Van Hasselt's Sunbird,Leptocoma brasiliana,1,NA,NA,NA,NA,NA,NA
Variable Wheatear,Oenanthe picata,NA,NA,NA,1,NA,NA,NA
Variegated Laughingthrush,Trochalopteron variegatum,1,1,NA,NA,NA,NA,NA
Velvet-fronted Nuthatch,Sitta frontalis,1,NA,NA,NA,NA,NA,NA
Verditer Flycatcher,Eumyias thalassinus,NA,NA,1,1,NA,NA,NA
Vernal Hanging-Parrot,Loriculus vernalis,1,NA,NA,NA,NA,NA,NA
Vigors's Sunbird,Aethopyga vigorsii,1,NA,NA,NA,NA,NA,NA
Vinaceous Rosefinch,Carpodacus vinaceus,NA,NA,NA,NA,NA,1,NA
Violet Cuckoo,Chrysococcyx xanthorhynchus,1,NA,1,NA,NA,NA,NA
Vivid Niltava,Niltava vivida,1,NA,NA,NA,NA,NA,NA
Wallcreeper,Tichodroma muraria,NA,NA,1,1,NA,NA,NA
Ward's Trogon,Harpactes wardi,1,1,NA,NA,NA,NA,NA
Water Pipit,Anthus spinoletta,NA,NA,NA,1,NA,NA,NA
Water Rail,Rallus aquaticus,NA,NA,NA,1,NA,NA,NA
Watercock,Gallicrex cinerea,1,NA,1,1,NA,NA,NA
Wayanad Laughingthrush,Ianthocincla delesserti,1,NA,NA,NA,NA,NA,NA
Wedge-tailed Green-Pigeon,Treron sphenurus,1,NA,NA,NA,NA,NA,NA
Wedge-tailed Shearwater,Ardenna pacifica,NA,NA,NA,NA,NA,1,NA
West Himalayan Bush Warbler,Locustella kashmirensis,1,1,NA,NA,NA,NA,NA
Western Crowned Warbler,Phylloscopus occipitalis,NA,NA,1,1,NA,NA,NA
Western Reef-Heron,Egretta gularis,1,NA,NA,1,NA,NA,NA
Western Tragopan,Tragopan melanocephalus,1,1,NA,NA,NA,NA,NA
Western Yellow Wagtail,Motacilla flava,NA,NA,NA,1,NA,NA,NA
Whimbrel,Numenius phaeopus,NA,NA,NA,1,NA,NA,NA
Whiskered Tern,Chlidonias hybrida,1,NA,1,1,NA,NA,NA
Whiskered Yuhina,Yuhina flavicollis,1,1,NA,NA,NA,NA,NA
Whistler's Warbler,Phylloscopus whistleri,1,1,NA,NA,NA,NA,NA
White-backed Thrush,Turdus kessleri,NA,NA,NA,1,NA,NA,NA
White-bellied Blue Flycatcher,Cyornis pallidipes,1,NA,NA,NA,NA,NA,NA
White-bellied Drongo,Dicrurus caerulescens,1,NA,NA,NA,NA,NA,NA
White-bellied Erpornis,Erpornis zantholeuca,1,NA,NA,NA,NA,NA,NA
White-bellied Heron,Ardea insignis,1,NA,NA,NA,NA,NA,NA
White-bellied Minivet,Pericrocotus erythropygius,1,NA,NA,NA,NA,NA,NA
White-bellied Redstart,Luscinia phaenicuroides,NA,NA,1,1,NA,NA,NA
White-bellied Sea-Eagle,Haliaeetus leucogaster,1,NA,NA,NA,NA,NA,NA
White-bellied Sholakili,Sholicola albiventris,1,NA,NA,NA,NA,NA,NA
White-bellied Treepie,Dendrocitta leucogastra,1,NA,NA,NA,NA,NA,NA
White-bellied Woodpecker,Dryocopus javensis,1,NA,NA,NA,NA,NA,NA
White-breasted Parrotbill,Psittiparus ruficeps,1,NA,NA,NA,NA,NA,NA
White-breasted Waterhen,Amaurornis phoenicurus,1,NA,NA,NA,NA,NA,NA
White-breasted Woodswallow,Artamus leucorynchus,1,NA,NA,NA,NA,NA,NA
White-browed Bulbul,Pycnonotus luteolus,1,NA,NA,NA,NA,NA,NA
White-browed Bush-Robin,Tarsiger indicus,1,1,NA,NA,NA,NA,NA
White-browed Bushchat,Saxicola macrorhynchus,1,NA,NA,NA,NA,NA,NA
White-browed Crake,Amaurornis cinerea,NA,NA,NA,NA,NA,1,NA
White-browed Fantail,Rhipidura aureola,1,1,NA,NA,NA,NA,NA
White-browed Fulvetta,Fulvetta vinipectus,1,1,NA,NA,NA,NA,NA
White-browed Laughingthrush,Ianthocincla sannio,1,NA,NA,NA,NA,NA,NA
White-browed Piculet,Sasia ochracea,1,NA,NA,NA,NA,NA,NA
White-browed Scimitar-Babbler,Pomatorhinus schisticeps,1,NA,NA,NA,NA,NA,NA
White-browed Tit-Warbler,Leptopoecile sophiae,1,NA,NA,NA,NA,NA,NA
White-browed Wagtail,Motacilla maderaspatensis,1,NA,NA,NA,NA,NA,NA
White-capped Bunting,Emberiza stewarti,NA,NA,1,1,NA,NA,NA
White-capped Redstart,Phoenicurus leucocephalus,1,1,NA,NA,NA,NA,NA
White-cheeked Barbet,Psilopogon viridis,1,NA,NA,NA,NA,NA,NA
White-cheeked Nuthatch,Sitta leucopsis,1,1,NA,NA,NA,NA,NA
White-cheeked Partridge,Arborophila atrogularis,1,NA,NA,NA,NA,NA,NA
White-cheeked Starling,Spodiopsar cineraceus,1,NA,NA,NA,NA,NA,NA
White-cheeked Tern,Sterna repressa,NA,NA,NA,NA,NA,1,NA
White-cheeked Tit,Aegithalos leucogenys,NA,NA,NA,NA,NA,1,NA
White-collared Blackbird,Turdus albocinctus,1,1,NA,NA,NA,NA,NA
White-crested Laughingthrush,Garrulax leucolophus,1,NA,NA,NA,NA,NA,NA
White-crowned Forktail,Enicurus leschenaulti,1,1,NA,NA,NA,NA,NA
White-crowned Penduline-Tit,Remiz coronatus,NA,NA,NA,1,NA,NA,NA
White-eared Bulbul,Pycnonotus leucotis,1,NA,NA,NA,NA,NA,NA
White-eared Night-Heron,Gorsachius magnificus,NA,NA,NA,NA,NA,1,NA
White-eyed Buzzard,Butastur teesa,1,NA,NA,1,NA,NA,NA
White-eyed Gull,Ichthyaetus leucophthalmus,NA,NA,NA,NA,NA,1,NA
White-faced Storm-Petrel,Pelagodroma marina,NA,NA,1,NA,NA,NA,NA
White-gorgeted Flycatcher,Anthipes monileger,1,1,NA,NA,NA,NA,NA
White-headed Duck,Oxyura leucocephala,NA,NA,NA,1,NA,NA,NA
White-headed Starling,Sturnia erythropygia,1,NA,NA,NA,NA,NA,NA
White-hooded Babbler,Gampsorhynchus rufulus,1,NA,NA,NA,NA,NA,NA
White-naped Tit,Machlolophus nuchalis,1,NA,NA,NA,NA,NA,NA
White-naped Woodpecker,Chrysocolaptes festivus,1,NA,NA,NA,NA,NA,NA
White-naped Yuhina,Yuhina bakeri,1,1,NA,NA,NA,NA,NA
White-nest Swiftlet,Aerodramus fuciphagus,1,NA,NA,NA,NA,NA,NA
White-rumped Munia,Lonchura striata,1,NA,NA,NA,NA,NA,NA
White-rumped Needletail,Zoonavena sylvatica,1,NA,NA,NA,NA,NA,NA
White-rumped Shama,Copsychus malabaricus,1,NA,NA,NA,NA,NA,NA
White-rumped Snowfinch,Montifringilla taczanowskii,1,NA,NA,NA,NA,NA,NA
White-rumped Vulture,Gyps bengalensis,1,NA,NA,NA,NA,NA,NA
White-spectacled Warbler,Phylloscopus intermedius,1,1,NA,NA,NA,NA,NA
White-tailed Eagle,Haliaeetus albicilla,NA,NA,NA,1,NA,NA,NA
White-tailed Flycatcher,Cyornis concretus,1,1,NA,NA,NA,NA,NA
White-tailed Iora,Aegithina nigrolutea,1,NA,NA,NA,NA,NA,NA
White-tailed Lapwing,Vanellus leucurus,NA,NA,NA,1,NA,NA,NA
White-tailed Nuthatch,Sitta himalayensis,1,1,NA,NA,NA,NA,NA
White-tailed Robin,Myiomela leucura,1,1,NA,NA,NA,NA,NA
White-tailed Stonechat,Saxicola leucurus,1,NA,NA,NA,NA,NA,NA
White-tailed Tropicbird,Phaethon lepturus,1,NA,NA,NA,NA,NA,NA
White-throated Bulbul,Alophoixus flaveolus,1,NA,NA,NA,NA,NA,NA
White-throated Bushchat,Saxicola insignis,NA,NA,NA,1,NA,NA,NA
White-throated Dipper,Cinclus cinclus,1,1,NA,NA,NA,NA,NA
White-throated Fantail,Rhipidura albicollis,1,1,NA,NA,NA,NA,NA
White-throated Kingfisher,Halcyon smyrnensis,1,NA,NA,NA,NA,NA,NA
White-throated Laughingthrush,Ianthocincla albogularis,1,1,NA,NA,NA,NA,NA
White-throated Needletail,Hirundapus caudacutus,NA,NA,1,NA,NA,NA,NA
White-throated Redstart,Phoenicurus schisticeps,1,1,NA,NA,NA,NA,NA
White-throated Tit,Aegithalos niveogularis,1,1,NA,NA,NA,NA,NA
White-winged Duck,Asarcornis scutulata,1,NA,NA,NA,NA,NA,NA
White-winged Grosbeak,Mycerobas carnipes,1,1,NA,NA,NA,NA,NA
White-winged Redstart,Phoenicurus erythrogastrus,1,1,NA,NA,NA,NA,NA
White-winged Tern,Chlidonias leucopterus,NA,NA,NA,1,NA,NA,NA
White Stork,Ciconia ciconia,NA,NA,NA,1,NA,NA,NA
White Tern,Gygis alba,NA,NA,NA,NA,NA,1,NA
White Wagtail,Motacilla alba,NA,NA,NA,1,NA,NA,NA
Whooper Swan,Cygnus cygnus,NA,NA,NA,1,NA,NA,NA
Wilson's Storm-Petrel,Oceanites oceanicus,NA,NA,1,NA,NA,NA,NA
Wire-tailed Swallow,Hirundo smithii,1,NA,NA,NA,NA,NA,NA
Wood Sandpiper,Tringa glareola,NA,NA,NA,1,NA,NA,NA
Wood Snipe,Gallinago nemoricola,NA,NA,1,1,NA,NA,NA
Wood Warbler,Phylloscopus sibilatrix,NA,NA,NA,NA,NA,1,NA
Woodchat Shrike,Lanius senator,NA,NA,NA,NA,NA,1,NA
Woolly-necked Stork,Ciconia episcopus,1,NA,NA,NA,NA,NA,NA
Wreathed Hornbill,Rhyticeros undulatus,1,NA,NA,NA,NA,NA,NA
Yellow-bellied Fairy-Fantail,Chelidorhynx hypoxanthus,1,1,NA,NA,NA,NA,NA
Yellow-bellied Flowerpecker,Dicaeum melanozanthum,1,1,NA,NA,NA,NA,NA
Yellow-bellied Prinia,Prinia flaviventris,1,NA,NA,NA,NA,NA,NA
Yellow-bellied Warbler,Abroscopus superciliaris,1,1,NA,NA,NA,NA,NA
Yellow-billed Babbler,Turdoides affinis,1,NA,NA,NA,NA,NA,NA
Yellow-billed Blue-Magpie,Urocissa flavirostris,1,1,NA,NA,NA,NA,NA
Yellow-billed Chough,Pyrrhocorax graculus,1,1,NA,NA,NA,NA,NA
Yellow-breasted Bunting,Emberiza aureola,NA,NA,NA,1,NA,NA,NA
Yellow-breasted Greenfinch,Chloris spinoides,1,1,NA,NA,NA,NA,NA
Yellow-browed Bulbul,Iole indica,1,NA,NA,NA,NA,NA,NA
Yellow-browed Bunting,Emberiza chrysophrys,NA,NA,NA,NA,NA,1,NA
Yellow-browed Tit,Sylviparus modestus,1,1,NA,NA,NA,NA,NA
Yellow-browed Warbler,Phylloscopus inornatus,NA,NA,NA,1,NA,NA,NA
Yellow-cheeked Tit,Machlolophus spilonotus,1,1,NA,NA,NA,NA,NA
Yellow-crowned Woodpecker,Leiopicus mahrattensis,1,NA,NA,NA,NA,NA,NA
Yellow-eyed Babbler,Chrysomma sinense,1,NA,NA,NA,NA,NA,NA
Yellow-eyed Pigeon,Columba eversmanni,NA,NA,NA,1,NA,NA,NA
Yellow-footed Green-Pigeon,Treron phoenicopterus,1,NA,NA,NA,NA,NA,NA
Yellow-legged Buttonquail,Turnix tanki,1,NA,NA,NA,NA,NA,1
Yellow-rumped Flycatcher,Ficedula zanthopygia,NA,NA,NA,NA,NA,1,NA
Yellow-rumped Honeyguide,Indicator xanthonotus,1,1,NA,NA,NA,NA,NA
Yellow-throated Bulbul,Pycnonotus xantholaemus,1,NA,NA,NA,NA,NA,NA
Yellow-throated Fulvetta,Schoeniparus cinereus,1,NA,NA,NA,NA,NA,NA
Yellow-throated Laughingthrush,Ianthocincla galbana,1,NA,NA,NA,NA,NA,NA
Yellow-throated Sparrow,Gymnoris xanthocollis,1,NA,NA,NA,NA,NA,NA
Yellow-vented Flowerpecker,Dicaeum chrysorrheum,1,NA,NA,NA,NA,NA,NA
Yellow-vented Warbler,Phylloscopus cantator,1,1,NA,NA,NA,NA,NA
Yellow-wattled Lapwing,Vanellus malabaricus,1,NA,NA,NA,NA,NA,NA
Yellow Bittern,Ixobrychus sinensis,1,NA,1,1,NA,NA,NA
Yellowhammer,Emberiza citrinella,NA,NA,NA,1,NA,NA,NA
Yunnan Nuthatch,Sitta yunnanensis,1,NA,NA,NA,NA,NA,NA
Zappey's Flycatcher,Cyanoptila cumatilis,NA,NA,NA,1,NA,1,NA
Zitting Cisticola,Cisticola juncidis,1,NA,NA,NA,NA,NA,NA
